id,status
PDS-0010,DESA
PDS-0012,KELURAHAN
PDS-0014,DESA
PDS-0017,KELURAHAN
PDS-0025,DESA
PDS-0026,KELURAHAN
PDS-0041,DESA
PDS-0054,DESA
PDS-0056,DESA
PDS-0061,DESA
PDS-0068,DESA
PDS-0078,DESA
PDS-0083,DESA
PDS-0087,DESA
PDS-0090,DESA
PDS-0098,DESA
PDS-0106,DESA
PDS-0113,DESA
PDS-0118,DESA
PDS-0126,DESA
PDS-0127,DESA
PDS-0137,DESA
PDS-0139,DESA
PDS-0142,DESA
PDS-0146,KELURAHAN
PDS-0149,KELURAHAN
PDS-0153,KELURAHAN
PDS-0154,DESA
PDS-0156,DESA
PDS-0160,DESA
PDS-0162,DESA
PDS-0163,DESA
PDS-0164,DESA
PDS-0166,DESA
PDS-0167,DESA
PDS-0175,DESA
PDS-0187,DESA
PDS-0188,DESA
PDS-0190,DESA
PDS-0191,KELURAHAN
PDS-0193,KELURAHAN
PDS-0194,KELURAHAN
PDS-0196,DESA
PDS-0198,DESA
PDS-0202,DESA
PDS-0203,DESA
PDS-0204,DESA
PDS-0205,DESA
PDS-0207,DESA
PDS-0208,DESA
PDS-0214,DESA
PDS-0216,DESA
PDS-0227,KELURAHAN
PDS-0235,KELURAHAN
PDS-0236,KELURAHAN
PDS-0237,DESA
PDS-0239,KELURAHAN
PDS-0259,DESA
PDS-0270,KELURAHAN
PDS-0272,DESA
PDS-0277,DESA
PDS-0282,DESA
PDS-0283,DESA
PDS-0295,KELURAHAN
PDS-0302,DESA
PDS-0303,DESA
PDS-0315,DESA
PDS-0337,KELURAHAN
PDS-0339,KELURAHAN
PDS-0341,DESA
PDS-0343,DESA
PDS-0353,DESA
PDS-0359,DESA
PDS-0363,DESA
PDS-0365,DESA
PDS-0366,DESA
PDS-0375,DESA
PDS-0385,DESA
PDS-0387,DESA
PDS-0390,DESA
PDS-0392,DESA
PDS-0393,KELURAHAN
PDS-0405,DESA
PDS-0407,DESA
PDS-0413,DESA
PDS-0418,DESA
PDS-0420,DESA
PDS-0437,DESA
PDS-0442,DESA
PDS-0443,DESA
PDS-0447,DESA
PDS-0459,KELURAHAN
PDS-0476,DESA
PDS-0482,DESA
PDS-0489,DESA
PDS-0490,DESA
PDS-0493,DESA
PDS-0503,DESA
PDS-0505,DESA
PDS-0509,DESA
PDS-0515,DESA
PDS-0523,DESA
PDS-0526,DESA
PDS-0527,DESA
PDS-0530,DESA
PDS-0540,DESA
PDS-0542,DESA
PDS-0546,DESA
PDS-0553,DESA
PDS-0558,KELURAHAN
PDS-0561,DESA
PDS-0570,DESA
PDS-0571,DESA
PDS-0572,DESA
PDS-0573,DESA
PDS-0588,KELURAHAN
PDS-0594,DESA
PDS-0598,DESA
PDS-0613,DESA
PDS-0615,DESA
PDS-0620,DESA
PDS-0629,DESA
PDS-0630,DESA
PDS-0631,DESA
PDS-0633,DESA
PDS-0635,DESA
PDS-0646,DESA
PDS-0651,KELURAHAN
PDS-0662,DESA
PDS-0664,DESA
PDS-0667,KELURAHAN
PDS-0668,DESA
PDS-0671,KELURAHAN
PDS-0672,DESA
PDS-0681,DESA
PDS-0686,DESA
PDS-0688,DESA
PDS-0690,DESA
PDS-0691,DESA
PDS-0699,DESA
PDS-0700,DESA
PDS-0718,KELURAHAN
PDS-0720,DESA
PDS-0722,KELURAHAN
PDS-0727,DESA
PDS-0729,DESA
PDS-0768,DESA
PDS-0769,DESA
PDS-0770,DESA
PDS-0772,DESA
PDS-0779,DESA
PDS-0781,DESA
PDS-0782,DESA
PDS-0785,DESA
PDS-0786,DESA
PDS-0794,DESA
PDS-0805,DESA
PDS-0807,DESA
PDS-0815,DESA
PDS-0817,DESA
PDS-0823,DESA
PDS-0824,DESA
PDS-0828,DESA
PDS-0831,KELURAHAN
PDS-0846,KELURAHAN
PDS-0847,DESA
PDS-0852,DESA
PDS-0854,DESA
PDS-0855,DESA
PDS-0856,DESA
PDS-0858,DESA
PDS-0860,DESA
PDS-0861,DESA
PDS-0862,DESA
PDS-0870,DESA
PDS-0871,DESA
PDS-0877,DESA
PDS-0883,DESA
PDS-0888,DESA
PDS-0893,DESA
PDS-0895,DESA
PDS-0898,DESA
PDS-0900,DESA
PDS-0911,DESA
PDS-0918,DESA
PDS-0920,DESA
PDS-0923,KELURAHAN
PDS-0924,DESA
PDS-0930,DESA
PDS-0936,DESA
PDS-0952,DESA
PDS-0955,DESA
PDS-0956,DESA
PDS-0957,DESA
PDS-0969,KELURAHAN
PDS-0975,DESA
PDS-0988,DESA
PDS-0989,DESA
PDS-0996,DESA
PDS-1000,DESA
PDS-1001,DESA
PDS-1008,DESA
PDS-1014,DESA
PDS-1015,DESA
PDS-1016,DESA
PDS-1017,DESA
PDS-1020,DESA
PDS-1022,KELURAHAN
PDS-1059,DESA
PDS-1060,DESA
PDS-1061,KELURAHAN
PDS-1063,KELURAHAN
PDS-1073,DESA
PDS-1081,DESA
PDS-1082,KELURAHAN
PDS-1089,DESA
PDS-1090,KELURAHAN
PDS-1094,DESA
PDS-1099,DESA
PDS-1103,KELURAHAN
PDS-1105,DESA
PDS-1106,DESA
PDS-1117,DESA
PDS-1118,DESA
PDS-1121,DESA
PDS-1126,KELURAHAN
PDS-1133,DESA
PDS-1135,DESA
PDS-1137,DESA
PDS-1138,DESA
PDS-1141,DESA
PDS-1142,DESA
PDS-1151,DESA
PDS-1152,DESA
PDS-1155,DESA
PDS-1166,DESA
PDS-1168,DESA
PDS-1170,DESA
PDS-1172,DESA
PDS-1178,DESA
PDS-1197,DESA
PDS-1201,KELURAHAN
PDS-1208,DESA
PDS-1215,DESA
PDS-1219,DESA
PDS-1229,DESA
PDS-1230,DESA
PDS-1231,KELURAHAN
PDS-1240,KELURAHAN
PDS-1241,DESA
PDS-1249,KELURAHAN
PDS-1253,KELURAHAN
PDS-1263,DESA
PDS-1268,KELURAHAN
PDS-1272,DESA
PDS-1280,DESA
PDS-1284,DESA
PDS-1287,DESA
PDS-1290,DESA
PDS-1297,KELURAHAN
PDS-1301,DESA
PDS-1305,DESA
PDS-1307,DESA
PDS-1308,DESA
PDS-1313,DESA
PDS-1317,DESA
PDS-1320,DESA
PDS-1325,DESA
PDS-1342,KELURAHAN
PDS-1343,KELURAHAN
PDS-1354,DESA
PDS-1362,DESA
PDS-1364,DESA
PDS-1368,DESA
PDS-1377,DESA
PDS-1379,DESA
PDS-1381,DESA
PDS-1382,DESA
PDS-1383,KELURAHAN
PDS-1390,DESA
PDS-1402,DESA
PDS-1404,DESA
PDS-1410,DESA
PDS-1425,DESA
PDS-1429,DESA
PDS-1432,DESA
PDS-1436,DESA
PDS-1446,DESA
PDS-1448,DESA
PDS-1461,DESA
PDS-1482,DESA
PDS-1493,DESA
PDS-1501,KELURAHAN
PDS-1518,KELURAHAN
PDS-1519,KELURAHAN
PDS-1520,DESA
PDS-1525,DESA
PDS-1530,DESA
PDS-1532,DESA
PDS-1539,DESA
PDS-1543,DESA
PDS-1547,DESA
PDS-1550,DESA
PDS-1552,DESA
PDS-1557,DESA
PDS-1561,DESA
PDS-1582,DESA
PDS-1586,DESA
PDS-1590,DESA
PDS-1592,KELURAHAN
PDS-1606,KELURAHAN
PDS-1608,DESA
PDS-1620,DESA
PDS-1623,KELURAHAN
PDS-1626,KELURAHAN
PDS-1628,DESA
PDS-1629,DESA
PDS-1630,DESA
PDS-1631,DESA
PDS-1634,DESA
PDS-1637,DESA
PDS-1638,DESA
PDS-1639,DESA
PDS-1646,DESA
PDS-1647,DESA
PDS-1652,DESA
PDS-1668,DESA
PDS-1674,DESA
PDS-1679,DESA
PDS-1680,DESA
PDS-1683,DESA
PDS-1686,DESA
PDS-1696,DESA
PDS-1697,DESA
PDS-1701,DESA
PDS-1709,DESA
PDS-1718,DESA
PDS-1725,DESA
PDS-1728,KELURAHAN
PDS-1734,DESA
PDS-1735,DESA
PDS-1736,DESA
PDS-1743,DESA
PDS-1751,DESA
PDS-1754,DESA
PDS-1757,DESA
PDS-1758,DESA
PDS-1760,DESA
PDS-1762,DESA
PDS-1763,DESA
PDS-1764,DESA
PDS-1773,KELURAHAN
PDS-1775,DESA
PDS-1779,DESA
PDS-1793,DESA
PDS-1799,DESA
PDS-1803,DESA
PDS-1807,DESA
PDS-1811,DESA
PDS-1814,DESA
PDS-1817,DESA
PDS-1820,DESA
PDS-1824,DESA
PDS-1827,DESA
PDS-1829,DESA
PDS-1843,DESA
PDS-1849,DESA
PDS-1853,DESA
PDS-1855,KELURAHAN
PDS-1856,DESA
PDS-1857,DESA
PDS-1864,DESA
PDS-1869,DESA
PDS-1876,KELURAHAN
PDS-1882,DESA
PDS-1893,KELURAHAN
PDS-1896,DESA
PDS-1899,DESA
PDS-1900,DESA
PDS-1907,DESA
PDS-1908,KELURAHAN
PDS-1909,DESA
PDS-1914,DESA
PDS-1915,DESA
PDS-1918,KELURAHAN
PDS-1921,KELURAHAN
PDS-1926,KELURAHAN
PDS-1931,DESA
PDS-1932,KELURAHAN
PDS-1933,DESA
PDS-1934,DESA
PDS-1937,KELURAHAN
PDS-1940,DESA
PDS-1943,DESA
PDS-1949,KELURAHAN
PDS-1959,DESA
PDS-1961,DESA
PDS-1970,DESA
PDS-1971,DESA
PDS-1975,DESA
PDS-1981,DESA
PDS-1987,DESA
PDS-1989,DESA
PDS-1991,DESA
PDS-1994,KELURAHAN
PDS-1999,DESA
PDS-2006,KELURAHAN
PDS-2008,DESA
PDS-2012,DESA
PDS-2015,DESA
PDS-2024,DESA
PDS-2028,DESA
PDS-2033,DESA
PDS-2034,DESA
PDS-2045,DESA
PDS-2049,DESA
PDS-2050,DESA
PDS-2051,DESA
PDS-2065,DESA
PDS-2072,DESA
PDS-2080,DESA
PDS-2083,DESA
PDS-2093,DESA
PDS-2094,DESA
PDS-2097,DESA
PDS-2098,DESA
PDS-2101,KELURAHAN
PDS-2104,DESA
PDS-2105,DESA
PDS-2106,DESA
PDS-2107,DESA
PDS-2114,DESA
PDS-2117,DESA
PDS-2121,DESA
PDS-2126,DESA
PDS-2138,DESA
PDS-2140,DESA
PDS-2144,DESA
PDS-2152,KELURAHAN
PDS-2159,DESA
PDS-2160,DESA
PDS-2170,DESA
PDS-2177,DESA
PDS-2180,DESA
PDS-2188,DESA
PDS-2191,DESA
PDS-2193,DESA
PDS-2194,DESA
PDS-2197,DESA
PDS-2199,KELURAHAN
PDS-2201,DESA
PDS-2205,DESA
PDS-2218,KELURAHAN
PDS-2220,DESA
PDS-2225,DESA
PDS-2231,DESA
PDS-2243,DESA
PDS-2244,DESA
PDS-2258,KELURAHAN
PDS-2262,DESA
PDS-2279,DESA
PDS-2283,DESA
PDS-2286,DESA
PDS-2290,DESA
PDS-2293,KELURAHAN
PDS-2295,KELURAHAN
PDS-2296,DESA
PDS-2308,DESA
PDS-2328,DESA
PDS-2331,DESA
PDS-2337,KELURAHAN
PDS-2344,DESA
PDS-2353,KELURAHAN
PDS-2354,KELURAHAN
PDS-2357,DESA
PDS-2366,DESA
PDS-2369,DESA
PDS-2377,DESA
PDS-2379,DESA
PDS-2383,DESA
PDS-2385,KELURAHAN
PDS-2386,DESA
PDS-2397,DESA
PDS-2412,DESA
PDS-2422,DESA
PDS-2425,DESA
PDS-2427,DESA
PDS-2428,DESA
PDS-2429,KELURAHAN
PDS-2431,DESA
PDS-2434,KELURAHAN
PDS-2438,DESA
PDS-2441,DESA
PDS-2444,DESA
PDS-2452,KELURAHAN
PDS-2455,DESA
PDS-2462,DESA
PDS-2469,DESA
PDS-2470,DESA
PDS-2473,DESA
PDS-2476,DESA
PDS-2480,DESA
PDS-2483,KELURAHAN
PDS-2490,DESA
PDS-2491,DESA
PDS-2492,DESA
PDS-2495,DESA
PDS-2503,DESA
PDS-2521,DESA
PDS-2525,DESA
PDS-2531,DESA
PDS-2536,DESA
PDS-2540,KELURAHAN
PDS-2552,DESA
PDS-2556,DESA
PDS-2558,DESA
PDS-2564,DESA
PDS-2569,DESA
PDS-2574,DESA
PDS-2582,DESA
PDS-2591,DESA
PDS-2592,KELURAHAN
PDS-2598,DESA
PDS-2600,DESA
PDS-2601,DESA
PDS-2611,DESA
PDS-2613,KELURAHAN
PDS-2619,DESA
PDS-2633,DESA
PDS-2643,DESA
PDS-2644,DESA
PDS-2659,DESA
PDS-2660,DESA
PDS-2661,DESA
PDS-2666,DESA
PDS-2668,DESA
PDS-2669,DESA
PDS-2675,DESA
PDS-2691,DESA
PDS-2694,DESA
PDS-2696,DESA
PDS-2697,DESA
PDS-2701,DESA
PDS-2709,DESA
PDS-2712,DESA
PDS-2718,DESA
PDS-2720,DESA
PDS-2721,DESA
PDS-2736,DESA
PDS-2739,DESA
PDS-2746,KELURAHAN
PDS-2748,DESA
PDS-2750,KELURAHAN
PDS-2758,DESA
PDS-2762,DESA
PDS-2764,DESA
PDS-2776,DESA
PDS-2780,KELURAHAN
PDS-2781,DESA
PDS-2787,KELURAHAN
PDS-2788,DESA
PDS-2801,DESA
PDS-2809,KELURAHAN
PDS-2812,DESA
PDS-2818,DESA
PDS-2828,DESA
PDS-2829,DESA
PDS-2833,DESA
PDS-2840,DESA
PDS-2845,DESA
PDS-2850,KELURAHAN
PDS-2851,DESA
PDS-2853,DESA
PDS-2855,KELURAHAN
PDS-2864,KELURAHAN
PDS-2867,DESA
PDS-2870,DESA
PDS-2872,DESA
PDS-2876,DESA
PDS-2891,DESA
PDS-2892,DESA
PDS-2896,DESA
PDS-2912,DESA
PDS-2915,DESA
PDS-2921,DESA
PDS-2943,DESA
PDS-2952,DESA
PDS-2962,DESA
PDS-2963,DESA
PDS-2965,DESA
PDS-2968,DESA
PDS-2970,DESA
PDS-2973,DESA
PDS-2976,KELURAHAN
PDS-2984,DESA
PDS-2986,DESA
PDS-2990,DESA
PDS-2995,DESA
PDS-3005,DESA
PDS-3006,DESA
PDS-3010,DESA
PDS-3021,DESA
PDS-3029,DESA
PDS-3041,DESA
PDS-3042,DESA
PDS-3052,DESA
PDS-3053,KELURAHAN
PDS-3055,DESA
PDS-3068,DESA
PDS-3073,DESA
PDS-3075,DESA
PDS-3082,DESA
PDS-3084,DESA
PDS-3087,KELURAHAN
PDS-3094,DESA
PDS-3104,KELURAHAN
PDS-3113,DESA
PDS-3130,DESA
PDS-3135,DESA
PDS-3136,KELURAHAN
PDS-3138,KELURAHAN
PDS-3142,DESA
PDS-3153,KELURAHAN
PDS-3156,DESA
PDS-3164,DESA
PDS-3168,DESA
PDS-3174,DESA
PDS-3179,KELURAHAN
PDS-3181,DESA
PDS-3187,DESA
PDS-3192,DESA
PDS-3217,DESA
PDS-3225,DESA
PDS-3226,DESA
PDS-3229,DESA
PDS-3237,DESA
PDS-3250,DESA
PDS-3253,KELURAHAN
PDS-3254,DESA
PDS-3256,KELURAHAN
PDS-3260,KELURAHAN
PDS-3263,DESA
PDS-3267,KELURAHAN
PDS-3268,DESA
PDS-3274,DESA
PDS-3279,DESA
PDS-3292,DESA
PDS-3293,KELURAHAN
PDS-3295,DESA
PDS-3301,KELURAHAN
PDS-3305,DESA
PDS-3307,KELURAHAN
PDS-3312,DESA
PDS-3314,KELURAHAN
PDS-3322,DESA
PDS-3328,DESA
PDS-3331,KELURAHAN
PDS-3343,DESA
PDS-3344,DESA
PDS-3349,DESA
PDS-3357,DESA
PDS-3362,DESA
PDS-3364,DESA
PDS-3369,DESA
PDS-3374,DESA
PDS-3375,DESA
PDS-3381,DESA
PDS-3385,KELURAHAN
PDS-3390,DESA
PDS-3391,DESA
PDS-3392,KELURAHAN
PDS-3409,KELURAHAN
PDS-3415,DESA
PDS-3418,KELURAHAN
PDS-3420,DESA
PDS-3421,DESA
PDS-3424,DESA
PDS-3431,DESA
PDS-3436,KELURAHAN
PDS-3437,DESA
PDS-3440,KELURAHAN
PDS-3441,DESA
PDS-3445,DESA
PDS-3451,DESA
PDS-3453,DESA
PDS-3454,DESA
PDS-3457,DESA
PDS-3472,DESA
PDS-3477,DESA
PDS-3491,DESA
PDS-3501,DESA
PDS-3507,DESA
PDS-3517,DESA
PDS-3522,DESA
PDS-3531,DESA
PDS-3537,DESA
PDS-3552,DESA
PDS-3553,DESA
PDS-3554,DESA
PDS-3555,DESA
PDS-3557,DESA
PDS-3562,KELURAHAN
PDS-3565,DESA
PDS-3569,DESA
PDS-3584,KELURAHAN
PDS-3587,DESA
PDS-3597,DESA
PDS-3601,DESA
PDS-3607,DESA
PDS-3611,DESA
PDS-3628,DESA
PDS-3630,DESA
PDS-3631,DESA
PDS-3632,DESA
PDS-3637,DESA
PDS-3641,DESA
PDS-3643,DESA
PDS-3645,DESA
PDS-3646,DESA
PDS-3649,KELURAHAN
PDS-3655,DESA
PDS-3665,DESA
PDS-3668,DESA
PDS-3677,DESA
PDS-3684,DESA
PDS-3688,DESA
PDS-3697,DESA
PDS-3701,DESA
PDS-3702,DESA
PDS-3710,DESA
PDS-3713,DESA
PDS-3714,DESA
PDS-3717,DESA
PDS-3720,DESA
PDS-3727,KELURAHAN
PDS-3728,DESA
PDS-3732,DESA
PDS-3739,DESA
PDS-3742,DESA
PDS-3745,DESA
PDS-3749,DESA
PDS-3751,DESA
PDS-3755,DESA
PDS-3757,DESA
PDS-3761,DESA
PDS-3763,DESA
PDS-3765,DESA
PDS-3766,DESA
PDS-3792,DESA
PDS-3798,DESA
PDS-3803,DESA
PDS-3806,DESA
PDS-3808,DESA
PDS-3809,DESA
PDS-3811,DESA
PDS-3813,DESA
PDS-3815,DESA
PDS-3817,KELURAHAN
PDS-3819,DESA
PDS-3826,DESA
PDS-3829,KELURAHAN
PDS-3831,DESA
PDS-3833,DESA
PDS-3840,DESA
PDS-3842,DESA
PDS-3850,DESA
PDS-3851,DESA
PDS-3864,DESA
PDS-3865,DESA
PDS-3867,KELURAHAN
PDS-3869,KELURAHAN
PDS-3872,DESA
PDS-3891,DESA
PDS-3894,KELURAHAN
PDS-3901,DESA
PDS-3907,DESA
PDS-3912,DESA
PDS-3914,DESA
PDS-3916,DESA
PDS-3928,DESA
PDS-3936,DESA
PDS-3944,DESA
PDS-3960,DESA
PDS-3968,DESA
PDS-3969,DESA
PDS-3971,DESA
PDS-3973,DESA
PDS-3984,DESA
PDS-3988,KELURAHAN
PDS-3999,DESA
PDS-4001,DESA
PDS-4010,DESA
PDS-4015,DESA
PDS-4018,KELURAHAN
PDS-4019,DESA
PDS-4021,KELURAHAN
PDS-4026,DESA
PDS-4034,DESA
PDS-4080,KELURAHAN
PDS-4083,DESA
PDS-4089,DESA
PDS-4091,DESA
PDS-4108,DESA
PDS-4109,DESA
PDS-4110,DESA
PDS-4115,DESA
PDS-4118,DESA
PDS-4132,DESA
PDS-4134,DESA
PDS-4135,DESA
PDS-4136,DESA
PDS-4139,DESA
PDS-4143,DESA
PDS-4146,DESA
PDS-4147,DESA
PDS-4159,DESA
PDS-4165,DESA
PDS-4168,DESA
PDS-4172,DESA
PDS-4173,DESA
PDS-4174,DESA
PDS-4178,KELURAHAN
PDS-4189,DESA
PDS-4196,DESA
PDS-4209,DESA
PDS-4213,DESA
PDS-4214,DESA
PDS-4215,DESA
PDS-4233,KELURAHAN
PDS-4235,DESA
PDS-4237,DESA
PDS-4244,DESA
PDS-4250,DESA
PDS-4252,DESA
PDS-4256,DESA
PDS-4264,KELURAHAN
PDS-4277,DESA
PDS-4284,DESA
PDS-4288,KELURAHAN
PDS-4298,DESA
PDS-4301,DESA
PDS-4313,KELURAHAN
PDS-4325,DESA
PDS-4331,DESA
PDS-4332,KELURAHAN
PDS-4335,KELURAHAN
PDS-4347,DESA
PDS-4358,DESA
PDS-4359,DESA
PDS-4361,DESA
PDS-4362,DESA
PDS-4364,DESA
PDS-4371,DESA
PDS-4379,DESA
PDS-4381,DESA
PDS-4390,DESA
PDS-4391,DESA
PDS-4397,DESA
PDS-4407,DESA
PDS-4426,KELURAHAN
PDS-4427,DESA
PDS-4431,DESA
PDS-4432,DESA
PDS-4433,DESA
PDS-4435,DESA
PDS-4438,DESA
PDS-4441,DESA
PDS-4444,DESA
PDS-4445,DESA
PDS-4452,DESA
PDS-4453,DESA
PDS-4459,DESA
PDS-4461,DESA
PDS-4466,DESA
PDS-4471,DESA
PDS-4479,DESA
PDS-4482,KELURAHAN
PDS-4492,DESA
PDS-4493,DESA
PDS-4494,DESA
PDS-4495,DESA
PDS-4496,DESA
PDS-4498,DESA
PDS-4500,DESA
PDS-4508,DESA
PDS-4518,DESA
PDS-4524,DESA
PDS-4530,DESA
PDS-4532,KELURAHAN
PDS-4539,KELURAHAN
PDS-4544,DESA
PDS-4545,DESA
PDS-4556,DESA
PDS-4558,DESA
PDS-4560,DESA
PDS-4567,DESA
PDS-4579,DESA
PDS-4584,KELURAHAN
PDS-4595,DESA
PDS-4600,DESA
PDS-4612,DESA
PDS-4613,KELURAHAN
PDS-4616,DESA
PDS-4617,KELURAHAN
PDS-4622,DESA
PDS-4628,KELURAHAN
PDS-4629,DESA
PDS-4633,DESA
PDS-4638,DESA
PDS-4643,DESA
PDS-4645,DESA
PDS-4649,DESA
PDS-4651,KELURAHAN
PDS-4653,KELURAHAN
PDS-4659,DESA
PDS-4663,DESA
PDS-4667,DESA
PDS-4670,DESA
PDS-4671,DESA
PDS-4674,DESA
PDS-4676,DESA
PDS-4698,DESA
PDS-4704,KELURAHAN
PDS-4714,DESA
PDS-4720,DESA
PDS-4728,DESA
PDS-4729,DESA
PDS-4730,KELURAHAN
PDS-4734,KELURAHAN
PDS-4736,DESA
PDS-4737,DESA
PDS-4738,KELURAHAN
PDS-4749,KELURAHAN
PDS-4758,DESA
PDS-4761,KELURAHAN
PDS-4762,DESA
PDS-4770,KELURAHAN
PDS-4777,DESA
PDS-4778,DESA
PDS-4781,DESA
PDS-4791,KELURAHAN
PDS-4796,DESA
PDS-4797,DESA
PDS-4799,DESA
PDS-4800,DESA
PDS-4805,DESA
PDS-4806,DESA
PDS-4807,DESA
PDS-4810,DESA
PDS-4821,DESA
PDS-4832,DESA
PDS-4836,DESA
PDS-4838,DESA
PDS-4842,KELURAHAN
PDS-4847,DESA
PDS-4854,DESA
PDS-4855,DESA
PDS-4856,DESA
PDS-4858,DESA
PDS-4859,DESA
PDS-4874,KELURAHAN
PDS-4876,DESA
PDS-4883,KELURAHAN
PDS-4887,KELURAHAN
PDS-4893,DESA
PDS-4896,DESA
PDS-4911,DESA
PDS-4913,DESA
PDS-4918,DESA
PDS-4921,DESA
PDS-4928,KELURAHAN
PDS-4932,DESA
PDS-4934,DESA
PDS-4938,DESA
PDS-4941,DESA
PDS-4944,DESA
PDS-4945,DESA
PDS-4946,DESA
PDS-4947,DESA
PDS-4957,DESA
PDS-4959,DESA
PDS-4965,DESA
PDS-4968,DESA
PDS-4972,DESA
PDS-4977,DESA
PDS-4987,DESA
PDS-4988,KELURAHAN
PDS-4995,DESA
PDS-4997,DESA
PDS-4998,DESA
PDS-4999,DESA
PDS-5005,DESA
PDS-5011,DESA
PDS-5017,KELURAHAN
PDS-5018,DESA
PDS-5022,DESA
PDS-5030,DESA
PDS-5037,DESA
PDS-5040,DESA
PDS-5052,DESA
PDS-5053,DESA
PDS-5055,KELURAHAN
PDS-5056,DESA
PDS-5057,DESA
PDS-5058,DESA
PDS-5074,KELURAHAN
PDS-5075,DESA
PDS-5076,KELURAHAN
PDS-5079,DESA
PDS-5085,DESA
PDS-5086,DESA
PDS-5094,DESA
PDS-5098,DESA
PDS-5104,DESA
PDS-5105,DESA
PDS-5106,DESA
PDS-5110,DESA
PDS-5111,DESA
PDS-5120,DESA
PDS-5123,DESA
PDS-5125,DESA
PDS-5127,DESA
PDS-5133,DESA
PDS-5137,DESA
PDS-5142,KELURAHAN
PDS-5163,DESA
PDS-5178,DESA
PDS-5179,KELURAHAN
PDS-5180,DESA
PDS-5186,DESA
PDS-5190,DESA
PDS-5209,DESA
PDS-5214,DESA
PDS-5224,DESA
PDS-5233,KELURAHAN
PDS-5234,KELURAHAN
PDS-5238,KELURAHAN
PDS-5239,DESA
PDS-5241,KELURAHAN
PDS-5243,KELURAHAN
PDS-5244,DESA
PDS-5250,DESA
PDS-5252,DESA
PDS-5257,DESA
PDS-5259,DESA
PDS-5277,DESA
PDS-5284,KELURAHAN
PDS-5286,DESA
PDS-5288,DESA
PDS-5296,DESA
PDS-5300,KELURAHAN
PDS-5302,DESA
PDS-5308,KELURAHAN
PDS-5311,DESA
PDS-5312,DESA
PDS-5320,KELURAHAN
PDS-5321,DESA
PDS-5331,DESA
PDS-5335,DESA
PDS-5343,KELURAHAN
PDS-5348,DESA
PDS-5356,DESA
PDS-5367,DESA
PDS-5371,DESA
PDS-5374,DESA
PDS-5375,DESA
PDS-5388,DESA
PDS-5391,DESA
PDS-5396,KELURAHAN
PDS-5409,KELURAHAN
PDS-5411,KELURAHAN
PDS-5416,DESA
PDS-5424,DESA
PDS-5430,DESA
PDS-5433,DESA
PDS-5434,DESA
PDS-5436,DESA
PDS-5440,DESA
PDS-5443,DESA
PDS-5444,DESA
PDS-5446,KELURAHAN
PDS-5448,DESA
PDS-5449,DESA
PDS-5451,DESA
PDS-5452,DESA
PDS-5458,DESA
PDS-5463,KELURAHAN
PDS-5464,DESA
PDS-5470,DESA
PDS-5476,DESA
PDS-5477,DESA
PDS-5483,DESA
PDS-5487,DESA
PDS-5489,DESA
PDS-5491,DESA
PDS-5496,DESA
PDS-5499,DESA
PDS-5510,DESA
PDS-5511,KELURAHAN
PDS-5521,DESA
PDS-5531,DESA
PDS-5537,DESA
PDS-5540,DESA
PDS-5543,DESA
PDS-5547,DESA
PDS-5553,DESA
PDS-5559,DESA
PDS-5561,DESA
PDS-5566,DESA
PDS-5570,DESA
PDS-5572,KELURAHAN
PDS-5575,KELURAHAN
PDS-5586,KELURAHAN
PDS-5589,KELURAHAN
PDS-5591,DESA
PDS-5593,DESA
PDS-5601,DESA
PDS-5619,DESA
PDS-5620,DESA
PDS-5623,DESA
PDS-5625,KELURAHAN
PDS-5627,DESA
PDS-5629,KELURAHAN
PDS-5634,DESA
PDS-5635,DESA
PDS-5638,DESA
PDS-5645,DESA
PDS-5646,DESA
PDS-5656,DESA
PDS-5657,KELURAHAN
PDS-5661,DESA
PDS-5662,DESA
PDS-5669,DESA
PDS-5670,DESA
PDS-5676,DESA
PDS-5687,DESA
PDS-5691,KELURAHAN
PDS-5694,DESA
PDS-5695,DESA
PDS-5700,DESA
PDS-5705,DESA
PDS-5711,DESA
PDS-5714,DESA
PDS-5723,KELURAHAN
PDS-5725,DESA
PDS-5727,DESA
PDS-5739,DESA
PDS-5742,DESA
PDS-5745,KELURAHAN
PDS-5746,KELURAHAN
PDS-5751,DESA
PDS-5753,DESA
PDS-5756,DESA
PDS-5758,KELURAHAN
PDS-5760,DESA
PDS-5773,DESA
PDS-5775,DESA
PDS-5777,DESA
PDS-5780,DESA
PDS-5783,DESA
PDS-5789,KELURAHAN
PDS-5792,DESA
PDS-5794,DESA
PDS-5798,DESA
PDS-5802,DESA
PDS-5809,DESA
PDS-5811,KELURAHAN
PDS-5819,KELURAHAN
PDS-5828,DESA
PDS-5833,DESA
PDS-5843,DESA
PDS-5846,KELURAHAN
PDS-5851,DESA
PDS-5856,KELURAHAN
PDS-5868,KELURAHAN
PDS-5871,DESA
PDS-5879,DESA
PDS-5882,DESA
PDS-5890,DESA
PDS-5892,DESA
PDS-5893,DESA
PDS-5896,DESA
PDS-5902,DESA
PDS-5907,KELURAHAN
PDS-5908,DESA
PDS-5927,DESA
PDS-5940,DESA
PDS-5942,DESA
PDS-5945,KELURAHAN
PDS-5947,KELURAHAN
PDS-5950,DESA
PDS-5952,DESA
PDS-5960,DESA
PDS-5979,DESA
PDS-5985,DESA
PDS-5987,DESA
PDS-5989,DESA
PDS-5990,DESA
PDS-5992,DESA
PDS-5998,DESA
PDS-6013,DESA
PDS-6020,DESA
PDS-6032,DESA
PDS-6034,DESA
PDS-6043,KELURAHAN
PDS-6044,KELURAHAN
PDS-6047,DESA
PDS-6060,DESA
PDS-6080,DESA
PDS-6083,KELURAHAN
PDS-6091,DESA
PDS-6094,DESA
PDS-6095,DESA
PDS-6100,KELURAHAN
PDS-6103,DESA
PDS-6117,DESA
PDS-6122,KELURAHAN
PDS-6123,DESA
PDS-6130,DESA
PDS-6140,KELURAHAN
PDS-6141,KELURAHAN
PDS-6143,DESA
PDS-6151,DESA
PDS-6155,DESA
PDS-6156,KELURAHAN
PDS-6161,DESA
PDS-6169,DESA
PDS-6172,DESA
PDS-6173,DESA
PDS-6184,DESA
PDS-6185,DESA
PDS-6191,DESA
PDS-6208,DESA
PDS-6220,DESA
PDS-6230,DESA
PDS-6234,DESA
PDS-6237,DESA
PDS-6239,DESA
PDS-6252,KELURAHAN
PDS-6255,DESA
PDS-6257,DESA
PDS-6262,DESA
PDS-6263,DESA
PDS-6266,DESA
PDS-6270,DESA
PDS-6273,KELURAHAN
PDS-6277,DESA
PDS-6284,DESA
PDS-6289,DESA
PDS-6295,DESA
PDS-6296,DESA
PDS-6297,DESA
PDS-6298,DESA
PDS-6304,DESA
PDS-6305,DESA
PDS-6314,DESA
PDS-6315,DESA
PDS-6318,DESA
PDS-6319,DESA
PDS-6332,DESA
PDS-6337,DESA
PDS-6338,DESA
PDS-6343,KELURAHAN
PDS-6345,DESA
PDS-6354,DESA
PDS-6360,DESA
PDS-6362,DESA
PDS-6369,KELURAHAN
PDS-6371,DESA
PDS-6372,DESA
PDS-6375,DESA
PDS-6377,DESA
PDS-6397,DESA
PDS-6398,DESA
PDS-6407,DESA
PDS-6411,DESA
PDS-6412,DESA
PDS-6417,DESA
PDS-6421,DESA
PDS-6427,DESA
PDS-6431,DESA
PDS-6433,DESA
PDS-6440,DESA
PDS-6442,DESA
PDS-6446,DESA
PDS-6447,DESA
PDS-6451,DESA
PDS-6457,KELURAHAN
PDS-6466,KELURAHAN
PDS-6470,DESA
PDS-6472,DESA
PDS-6475,DESA
PDS-6477,KELURAHAN
PDS-6489,DESA
PDS-6494,DESA
PDS-6512,KELURAHAN
PDS-6515,DESA
PDS-6520,DESA
PDS-6531,DESA
PDS-6540,DESA
PDS-6541,DESA
PDS-6543,DESA
PDS-6547,DESA
PDS-6549,DESA
PDS-6556,DESA
PDS-6564,DESA
PDS-6565,DESA
PDS-6566,DESA
PDS-6571,DESA
PDS-6574,DESA
PDS-6582,DESA
PDS-6583,DESA
PDS-6586,DESA
PDS-6588,KELURAHAN
PDS-6589,DESA
PDS-6592,KELURAHAN
PDS-6611,DESA
PDS-6615,DESA
PDS-6617,KELURAHAN
PDS-6623,DESA
PDS-6624,DESA
PDS-6630,DESA
PDS-6639,DESA
PDS-6641,DESA
PDS-6643,KELURAHAN
PDS-6644,DESA
PDS-6645,DESA
PDS-6646,DESA
PDS-6653,DESA
PDS-6656,DESA
PDS-6676,KELURAHAN
PDS-6697,DESA
PDS-6702,DESA
PDS-6705,DESA
PDS-6711,DESA
PDS-6717,DESA
PDS-6719,KELURAHAN
PDS-6722,DESA
PDS-6723,DESA
PDS-6732,DESA
PDS-6737,DESA
PDS-6738,DESA
PDS-6739,DESA
PDS-6752,DESA
PDS-6765,DESA
PDS-6768,KELURAHAN
PDS-6772,DESA
PDS-6774,DESA
PDS-6775,DESA
PDS-6777,DESA
PDS-6784,KELURAHAN
PDS-6797,DESA
PDS-6800,DESA
PDS-6802,DESA
PDS-6808,DESA
PDS-6810,DESA
PDS-6812,DESA
PDS-6817,KELURAHAN
PDS-6820,DESA
PDS-6824,DESA
PDS-6834,DESA
PDS-6838,DESA
PDS-6839,KELURAHAN
PDS-6853,DESA
PDS-6856,DESA
PDS-6860,DESA
PDS-6874,DESA
PDS-6882,DESA
PDS-6883,DESA
PDS-6894,DESA
PDS-6895,DESA
PDS-6899,KELURAHAN
PDS-6902,DESA
PDS-6906,DESA
PDS-6911,DESA
PDS-6918,DESA
PDS-6925,DESA
PDS-6939,DESA
PDS-6942,DESA
PDS-6944,DESA
PDS-6950,DESA
PDS-6954,DESA
PDS-6961,DESA
PDS-6967,DESA
PDS-6969,DESA
PDS-6971,DESA
PDS-6972,DESA
PDS-6973,DESA
PDS-6980,DESA
PDS-6981,KELURAHAN
PDS-6982,KELURAHAN
PDS-6983,DESA
PDS-6989,DESA
PDS-6990,DESA
PDS-6991,DESA
PDS-6993,DESA
PDS-6997,DESA
PDS-7006,DESA
PDS-7007,DESA
PDS-7010,KELURAHAN
PDS-7011,DESA
PDS-7012,DESA
PDS-7017,DESA
PDS-7023,DESA
PDS-7032,DESA
PDS-7042,DESA
PDS-7044,DESA
PDS-7053,DESA
PDS-7057,DESA
PDS-7058,DESA
PDS-7060,KELURAHAN
PDS-7065,DESA
PDS-7070,DESA
PDS-7080,DESA
PDS-7082,DESA
PDS-7083,DESA
PDS-7084,DESA
PDS-7085,DESA
PDS-7097,KELURAHAN
PDS-7100,DESA
PDS-7107,KELURAHAN
PDS-7115,DESA
PDS-7120,DESA
PDS-7123,KELURAHAN
PDS-7124,DESA
PDS-7125,DESA
PDS-7129,DESA
PDS-7134,DESA
PDS-7138,DESA
PDS-7148,DESA
PDS-7152,DESA
PDS-7155,DESA
PDS-7157,KELURAHAN
PDS-7159,DESA
PDS-7163,DESA
PDS-7166,DESA
PDS-7167,DESA
PDS-7180,DESA
PDS-7184,DESA
PDS-7185,DESA
PDS-7187,DESA
PDS-7191,DESA
PDS-7194,DESA
PDS-7197,DESA
PDS-7207,DESA
PDS-7209,DESA
PDS-7215,KELURAHAN
PDS-7219,DESA
PDS-7227,DESA
PDS-7228,DESA
PDS-7231,DESA
PDS-7240,DESA
PDS-7244,DESA
PDS-7254,DESA
PDS-7264,DESA
PDS-7267,DESA
PDS-7270,DESA
PDS-7275,DESA
PDS-7288,KELURAHAN
PDS-7292,DESA
PDS-7296,DESA
PDS-7297,DESA
PDS-7312,DESA
PDS-7313,DESA
PDS-7315,DESA
PDS-7324,DESA
PDS-7341,DESA
PDS-7344,DESA
PDS-7346,DESA
PDS-7351,DESA
PDS-7353,KELURAHAN
PDS-7356,DESA
PDS-7358,DESA
PDS-7369,DESA
PDS-7374,DESA
PDS-7375,KELURAHAN
PDS-7383,DESA
PDS-7391,DESA
PDS-7393,DESA
PDS-7395,DESA
PDS-7401,DESA
PDS-7405,DESA
PDS-7416,DESA
PDS-7419,DESA
PDS-7422,KELURAHAN
PDS-7425,DESA
PDS-7427,DESA
PDS-7430,DESA
PDS-7447,DESA
PDS-7456,DESA
PDS-7462,DESA
PDS-7481,DESA
PDS-7484,KELURAHAN
PDS-7486,DESA
PDS-7492,KELURAHAN
PDS-7495,DESA
PDS-7520,KELURAHAN
PDS-7522,DESA
PDS-7527,DESA
PDS-7532,KELURAHAN
PDS-7544,KELURAHAN
PDS-7545,DESA
PDS-7561,DESA
PDS-7562,KELURAHAN
PDS-7565,DESA
PDS-7575,KELURAHAN
PDS-7578,DESA
PDS-7588,DESA
PDS-7596,DESA
PDS-7598,DESA
PDS-7605,KELURAHAN
PDS-7611,DESA
PDS-7612,DESA
PDS-7618,DESA
PDS-7619,DESA
PDS-7620,DESA
PDS-7623,DESA
PDS-7630,DESA
PDS-7644,KELURAHAN
PDS-7652,DESA
PDS-7658,DESA
PDS-7660,DESA
PDS-7674,DESA
PDS-7675,DESA
PDS-7680,DESA
PDS-7685,KELURAHAN
PDS-7693,DESA
PDS-7694,DESA
PDS-7698,DESA
PDS-7711,KELURAHAN
PDS-7716,DESA
PDS-7719,DESA
PDS-7737,KELURAHAN
PDS-7738,DESA
PDS-7743,DESA
PDS-7759,DESA
PDS-7762,DESA
PDS-7778,DESA
PDS-7779,DESA
PDS-7784,DESA
PDS-7789,DESA
PDS-7805,DESA
PDS-7806,DESA
PDS-7813,KELURAHAN
PDS-7814,DESA
PDS-7816,DESA
PDS-7818,DESA
PDS-7819,KELURAHAN
PDS-7824,DESA
PDS-7830,DESA
PDS-7833,DESA
PDS-7836,DESA
PDS-7844,KELURAHAN
PDS-7847,DESA
PDS-7849,DESA
PDS-7852,DESA
PDS-7864,DESA
PDS-7867,DESA
PDS-7897,DESA
PDS-7907,DESA
PDS-7910,DESA
PDS-7928,DESA
PDS-7930,DESA
PDS-7936,DESA
PDS-7942,DESA
PDS-7944,DESA
PDS-7951,DESA
PDS-7958,DESA
PDS-7968,DESA
PDS-7971,KELURAHAN
PDS-7974,KELURAHAN
PDS-7980,DESA
PDS-7985,DESA
PDS-7988,DESA
PDS-7990,KELURAHAN
PDS-7993,DESA
PDS-7994,KELURAHAN
PDS-7995,KELURAHAN
PDS-7997,DESA
PDS-8000,DESA
PDS-8003,DESA
PDS-8004,DESA
PDS-8005,DESA
PDS-8007,DESA
PDS-8008,DESA
PDS-8017,KELURAHAN
PDS-8018,DESA
PDS-8025,DESA
PDS-8027,DESA
PDS-8037,DESA
PDS-8039,DESA
PDS-8042,KELURAHAN
PDS-8051,DESA
PDS-8054,KELURAHAN
PDS-8069,DESA
PDS-8071,DESA
PDS-8074,DESA
PDS-8079,DESA
PDS-8081,DESA
PDS-8097,DESA
PDS-8111,DESA
PDS-8113,DESA
PDS-8121,DESA
PDS-8126,DESA
PDS-8131,DESA
PDS-8134,DESA
PDS-8151,DESA
PDS-8153,DESA
PDS-8156,DESA
PDS-8161,KELURAHAN
PDS-8163,DESA
PDS-8173,DESA
PDS-8174,DESA
PDS-8176,KELURAHAN
PDS-8180,KELURAHAN
PDS-8190,DESA
PDS-8200,KELURAHAN
PDS-8203,DESA
PDS-8209,DESA
PDS-8211,DESA
PDS-8225,KELURAHAN
PDS-8227,DESA
PDS-8229,DESA
PDS-8231,DESA
PDS-8235,DESA
PDS-8236,DESA
PDS-8245,DESA
PDS-8246,DESA
PDS-8253,DESA
PDS-8259,DESA
PDS-8260,DESA
PDS-8264,DESA
PDS-8265,DESA
PDS-8276,DESA
PDS-8278,KELURAHAN
PDS-8287,KELURAHAN
PDS-8306,DESA
PDS-8308,DESA
PDS-8309,DESA
PDS-8312,DESA
PDS-8313,DESA
PDS-8316,DESA
PDS-8322,DESA
PDS-8323,DESA
PDS-8326,DESA
PDS-8327,DESA
PDS-8329,DESA
PDS-8330,KELURAHAN
PDS-8334,DESA
PDS-8336,DESA
PDS-8339,DESA
PDS-8348,DESA
PDS-8357,DESA
PDS-8358,DESA
PDS-8364,DESA
PDS-8368,DESA
PDS-8386,DESA
PDS-8390,DESA
PDS-8393,DESA
PDS-8398,DESA
PDS-8400,DESA
PDS-8416,KELURAHAN
PDS-8418,DESA
PDS-8428,DESA
PDS-8429,DESA
PDS-8430,DESA
PDS-8434,DESA
PDS-8437,DESA
PDS-8439,KELURAHAN
PDS-8449,DESA
PDS-8462,KELURAHAN
PDS-8468,DESA
PDS-8473,DESA
PDS-8476,DESA
PDS-8491,DESA
PDS-8492,KELURAHAN
PDS-8503,DESA
PDS-8513,DESA
PDS-8520,KELURAHAN
PDS-8530,KELURAHAN
PDS-8534,DESA
PDS-8536,DESA
PDS-8548,DESA
PDS-8549,DESA
PDS-8550,KELURAHAN
PDS-8554,DESA
PDS-8556,DESA
PDS-8557,DESA
PDS-8561,DESA
PDS-8567,KELURAHAN
PDS-8568,DESA
PDS-8572,KELURAHAN
PDS-8578,KELURAHAN
PDS-8579,DESA
PDS-8581,DESA
PDS-8593,DESA
PDS-8596,DESA
PDS-8598,DESA
PDS-8602,DESA
PDS-8606,DESA
PDS-8634,DESA
PDS-8637,DESA
PDS-8641,DESA
PDS-8647,DESA
PDS-8653,DESA
PDS-8657,DESA
PDS-8660,DESA
PDS-8663,DESA
PDS-8667,DESA
PDS-8681,DESA
PDS-8683,DESA
PDS-8691,DESA
PDS-8692,DESA
PDS-8703,DESA
PDS-8706,DESA
PDS-8707,DESA
PDS-8708,DESA
PDS-8712,DESA
PDS-8713,DESA
PDS-8717,DESA
PDS-8718,DESA
PDS-8735,KELURAHAN
PDS-8753,DESA
PDS-8755,KELURAHAN
PDS-8756,DESA
PDS-8768,DESA
PDS-8771,DESA
PDS-8783,DESA
PDS-8784,DESA
PDS-8788,DESA
PDS-8793,DESA
PDS-8796,DESA
PDS-8801,DESA
PDS-8809,DESA
PDS-8812,DESA
PDS-8821,KELURAHAN
PDS-8838,DESA
PDS-8839,DESA
PDS-8842,DESA
PDS-8854,DESA
PDS-8860,DESA
PDS-8885,DESA
PDS-8895,DESA
PDS-8906,DESA
PDS-8907,DESA
PDS-8913,DESA
PDS-8921,KELURAHAN
PDS-8922,DESA
PDS-8925,KELURAHAN
PDS-8928,DESA
PDS-8934,DESA
PDS-8943,DESA
PDS-8947,DESA
PDS-8965,DESA
PDS-8985,DESA
PDS-8988,KELURAHAN
PDS-8997,KELURAHAN
PDS-9006,DESA
PDS-9008,DESA
PDS-9012,DESA
PDS-9014,DESA
PDS-9018,DESA
PDS-9019,DESA
PDS-9029,KELURAHAN
PDS-9032,DESA
PDS-9033,DESA
PDS-9047,KELURAHAN
PDS-9065,DESA
PDS-9066,DESA
PDS-9068,DESA
PDS-9075,DESA
PDS-9077,DESA
PDS-9078,DESA
PDS-9079,DESA
PDS-9084,DESA
PDS-9088,DESA
PDS-9095,DESA
PDS-9102,DESA
PDS-9105,DESA
PDS-9106,DESA
PDS-9107,DESA
PDS-9109,DESA
PDS-9111,DESA
PDS-9112,DESA
PDS-9123,KELURAHAN
PDS-9128,KELURAHAN
PDS-9131,DESA
PDS-9132,DESA
PDS-9136,DESA
PDS-9147,DESA
PDS-9152,DESA
PDS-9156,DESA
PDS-9161,DESA
PDS-9169,DESA
PDS-9172,DESA
PDS-9178,DESA
PDS-9182,KELURAHAN
PDS-9185,DESA
PDS-9201,DESA
PDS-9204,DESA
PDS-9205,DESA
PDS-9207,DESA
PDS-9208,DESA
PDS-9209,DESA
PDS-9219,DESA
PDS-9224,DESA
PDS-9228,DESA
PDS-9236,DESA
PDS-9257,DESA
PDS-9260,KELURAHAN
PDS-9269,DESA
PDS-9276,DESA
PDS-9278,DESA
PDS-9281,DESA
PDS-9284,KELURAHAN
PDS-9289,KELURAHAN
PDS-9303,DESA
PDS-9307,KELURAHAN
PDS-9311,DESA
PDS-9313,DESA
PDS-9324,DESA
PDS-9325,DESA
PDS-9334,DESA
PDS-9338,DESA
PDS-9340,DESA
PDS-9343,DESA
PDS-9347,DESA
PDS-9349,KELURAHAN
PDS-9360,DESA
PDS-9370,DESA
PDS-9371,DESA
PDS-9375,DESA
PDS-9389,KELURAHAN
PDS-9429,DESA
PDS-9430,DESA
PDS-9436,DESA
PDS-9440,DESA
PDS-9447,DESA
PDS-9448,DESA
PDS-9462,DESA
PDS-9472,DESA
PDS-9473,DESA
PDS-9475,KELURAHAN
PDS-9487,DESA
PDS-9494,DESA
PDS-9497,KELURAHAN
PDS-9500,DESA
PDS-9504,DESA
PDS-9511,DESA
PDS-9517,DESA
PDS-9519,DESA
PDS-9520,DESA
PDS-9522,DESA
PDS-9524,DESA
PDS-9525,KELURAHAN
PDS-9529,DESA
PDS-9541,DESA
PDS-9551,KELURAHAN
PDS-9557,KELURAHAN
PDS-9558,KELURAHAN
PDS-9570,DESA
PDS-9577,DESA
PDS-9581,DESA
PDS-9584,DESA
PDS-9588,DESA
PDS-9589,DESA
PDS-9592,DESA
PDS-9597,DESA
PDS-9601,DESA
PDS-9638,DESA
PDS-9642,KELURAHAN
PDS-9650,DESA
PDS-9651,DESA
PDS-9655,DESA
PDS-9663,DESA
PDS-9668,DESA
PDS-9687,DESA
PDS-9690,KELURAHAN
PDS-9693,DESA
PDS-9701,KELURAHAN
PDS-9715,DESA
PDS-9716,DESA
PDS-9733,DESA
PDS-9739,DESA
PDS-9742,KELURAHAN
PDS-9745,DESA
PDS-9753,DESA
PDS-9763,KELURAHAN
PDS-9765,KELURAHAN
PDS-9766,DESA
PDS-9767,DESA
PDS-9769,DESA
PDS-9785,KELURAHAN
PDS-9789,DESA
PDS-9790,DESA
PDS-9795,DESA
PDS-9796,DESA
PDS-9798,DESA
PDS-9803,DESA
PDS-9814,DESA
PDS-9818,KELURAHAN
PDS-9822,DESA
PDS-9824,DESA
PDS-9833,DESA
PDS-9834,DESA
PDS-9837,DESA
PDS-9848,DESA
PDS-9853,DESA
PDS-9861,DESA
PDS-9866,DESA
PDS-9867,DESA
PDS-9868,DESA
PDS-9874,DESA
PDS-9875,DESA
PDS-9880,DESA
PDS-9883,DESA
PDS-9885,DESA
PDS-9886,DESA
PDS-9901,DESA
PDS-9904,DESA
PDS-9908,DESA
PDS-9909,DESA
PDS-9912,DESA
PDS-9915,DESA
PDS-9916,DESA
PDS-9917,KELURAHAN
PDS-9918,DESA
PDS-9942,DESA
PDS-9945,DESA
PDS-9950,DESA
PDS-9952,KELURAHAN
PDS-9957,DESA
PDS-9960,DESA
PDS-9969,DESA
PDS-9985,DESA
PDS-9992,KELURAHAN
PDS-9997,KELURAHAN
PDS-10007,DESA
PDS-10015,DESA
PDS-10016,DESA
PDS-10021,DESA
PDS-10029,DESA
PDS-10041,DESA
PDS-10048,DESA
PDS-10054,DESA
PDS-10056,KELURAHAN
PDS-10059,DESA
PDS-10061,DESA
PDS-10067,DESA
PDS-10071,DESA
PDS-10078,DESA
PDS-10082,KELURAHAN
PDS-10089,DESA
PDS-10094,DESA
PDS-10097,DESA
PDS-10103,DESA
PDS-10104,DESA
PDS-10107,KELURAHAN
PDS-10113,DESA
PDS-10124,DESA
PDS-10136,DESA
PDS-10137,DESA
PDS-10143,DESA
PDS-10146,DESA
PDS-10148,DESA
PDS-10151,DESA
PDS-10161,DESA
PDS-10162,DESA
PDS-10166,DESA
PDS-10168,KELURAHAN
PDS-10174,DESA
PDS-10177,KELURAHAN
PDS-10178,KELURAHAN
PDS-10179,DESA
PDS-10180,KELURAHAN
PDS-10182,DESA
PDS-10184,DESA
PDS-10189,DESA
PDS-10196,DESA
PDS-10198,DESA
PDS-10208,DESA
PDS-10210,KELURAHAN
PDS-10212,DESA
PDS-10214,DESA
PDS-10223,DESA
PDS-10226,DESA
PDS-10231,DESA
PDS-10234,KELURAHAN
PDS-10239,DESA
PDS-10249,DESA
PDS-10254,DESA
PDS-10259,DESA
PDS-10268,DESA
PDS-10272,DESA
PDS-10279,DESA
PDS-10289,KELURAHAN
PDS-10294,DESA
PDS-10296,DESA
PDS-10315,DESA
PDS-10321,DESA
PDS-10327,DESA
PDS-10333,DESA
PDS-10336,DESA
PDS-10341,DESA
PDS-10344,KELURAHAN
PDS-10345,DESA
PDS-10346,KELURAHAN
PDS-10351,DESA
PDS-10358,DESA
PDS-10362,DESA
PDS-10381,DESA
PDS-10383,DESA
PDS-10396,DESA
PDS-10397,KELURAHAN
PDS-10404,DESA
PDS-10410,DESA
PDS-10411,DESA
PDS-10413,DESA
PDS-10427,DESA
PDS-10434,DESA
PDS-10443,DESA
PDS-10450,DESA
PDS-10452,DESA
PDS-10454,KELURAHAN
PDS-10458,DESA
PDS-10474,KELURAHAN
PDS-10479,DESA
PDS-10486,DESA
PDS-10488,DESA
PDS-10489,DESA
PDS-10493,DESA
PDS-10504,DESA
PDS-10517,KELURAHAN
PDS-10518,DESA
PDS-10519,DESA
PDS-10522,DESA
PDS-10527,DESA
PDS-10532,DESA
PDS-10536,DESA
PDS-10540,DESA
PDS-10542,DESA
PDS-10553,DESA
PDS-10555,DESA
PDS-10556,KELURAHAN
PDS-10559,DESA
PDS-10562,DESA
PDS-10569,DESA
PDS-10577,DESA
PDS-10579,DESA
PDS-10583,DESA
PDS-10588,DESA
PDS-10590,DESA
PDS-10593,DESA
PDS-10594,DESA
PDS-10596,DESA
PDS-10602,DESA
PDS-10603,DESA
PDS-10617,DESA
PDS-10618,DESA
PDS-10624,DESA
PDS-10626,DESA
PDS-10627,DESA
PDS-10628,DESA
PDS-10635,DESA
PDS-10637,DESA
PDS-10641,DESA
PDS-10643,DESA
PDS-10648,DESA
PDS-10652,DESA
PDS-10656,DESA
PDS-10660,DESA
PDS-10675,DESA
PDS-10678,DESA
PDS-10683,DESA
PDS-10686,DESA
PDS-10693,DESA
PDS-10694,DESA
PDS-10696,DESA
PDS-10699,KELURAHAN
PDS-10700,KELURAHAN
PDS-10702,KELURAHAN
PDS-10705,DESA
PDS-10707,DESA
PDS-10717,KELURAHAN
PDS-10718,DESA
PDS-10721,KELURAHAN
PDS-10725,DESA
PDS-10729,KELURAHAN
PDS-10730,DESA
PDS-10737,DESA
PDS-10739,KELURAHAN
PDS-10745,DESA
PDS-10746,DESA
PDS-10749,DESA
PDS-10750,DESA
PDS-10752,DESA
PDS-10755,DESA
PDS-10757,DESA
PDS-10758,DESA
PDS-10759,DESA
PDS-10760,DESA
PDS-10774,DESA
PDS-10776,DESA
PDS-10777,KELURAHAN
PDS-10786,DESA
PDS-10788,DESA
PDS-10790,DESA
PDS-10794,DESA
PDS-10800,DESA
PDS-10801,DESA
PDS-10806,DESA
PDS-10809,DESA
PDS-10817,DESA
PDS-10818,DESA
PDS-10823,DESA
PDS-10826,DESA
PDS-10829,KELURAHAN
PDS-10832,DESA
PDS-10838,DESA
PDS-10848,DESA
PDS-10850,DESA
PDS-10852,DESA
PDS-10859,DESA
PDS-10861,DESA
PDS-10875,DESA
PDS-10879,DESA
PDS-10887,DESA
PDS-10894,DESA
PDS-10897,DESA
PDS-10901,DESA
PDS-10914,DESA
PDS-10917,DESA
PDS-10922,DESA
PDS-10923,DESA
PDS-10939,DESA
PDS-10955,DESA
PDS-10965,DESA
PDS-10966,DESA
PDS-10967,DESA
PDS-10974,DESA
PDS-10976,DESA
PDS-10984,DESA
PDS-10986,DESA
PDS-10997,DESA
PDS-10998,DESA
PDS-10999,DESA
PDS-11002,DESA
PDS-11003,DESA
PDS-11004,DESA
PDS-11006,DESA
PDS-11017,DESA
PDS-11023,DESA
PDS-11024,DESA
PDS-11031,DESA
PDS-11034,DESA
PDS-11036,DESA
PDS-11047,DESA
PDS-11054,DESA
PDS-11065,KELURAHAN
PDS-11066,KELURAHAN
PDS-11070,DESA
PDS-11084,DESA
PDS-11085,KELURAHAN
PDS-11088,DESA
PDS-11089,DESA
PDS-11094,DESA
PDS-11095,DESA
PDS-11102,DESA
PDS-11105,DESA
PDS-11109,DESA
PDS-11112,KELURAHAN
PDS-11117,DESA
PDS-11121,DESA
PDS-11123,DESA
PDS-11129,DESA
PDS-11131,DESA
PDS-11139,DESA
PDS-11152,DESA
PDS-11155,DESA
PDS-11157,DESA
PDS-11158,DESA
PDS-11165,DESA
PDS-11167,KELURAHAN
PDS-11169,DESA
PDS-11170,DESA
PDS-11172,DESA
PDS-11173,KELURAHAN
PDS-11174,DESA
PDS-11175,DESA
PDS-11182,DESA
PDS-11183,KELURAHAN
PDS-11186,DESA
PDS-11187,DESA
PDS-11191,KELURAHAN
PDS-11206,DESA
PDS-11208,DESA
PDS-11235,DESA
PDS-11241,DESA
PDS-11247,DESA
PDS-11253,KELURAHAN
PDS-11255,DESA
PDS-11261,DESA
PDS-11262,KELURAHAN
PDS-11272,DESA
PDS-11281,DESA
PDS-11282,KELURAHAN
PDS-11285,DESA
PDS-11297,DESA
PDS-11303,DESA
PDS-11304,DESA
PDS-11309,KELURAHAN
PDS-11311,DESA
PDS-11313,DESA
PDS-11315,DESA
PDS-11329,DESA
PDS-11330,DESA
PDS-11337,DESA
PDS-11339,DESA
PDS-11345,DESA
PDS-11350,KELURAHAN
PDS-11363,KELURAHAN
PDS-11364,DESA
PDS-11372,DESA
PDS-11373,KELURAHAN
PDS-11382,DESA
PDS-11383,KELURAHAN
PDS-11384,DESA
PDS-11391,DESA
PDS-11395,DESA
PDS-11398,DESA
PDS-11408,DESA
PDS-11412,DESA
PDS-11414,DESA
PDS-11422,DESA
PDS-11426,KELURAHAN
PDS-11432,DESA
PDS-11436,DESA
PDS-11440,DESA
PDS-11443,DESA
PDS-11448,DESA
PDS-11471,DESA
PDS-11474,DESA
PDS-11476,DESA
PDS-11478,DESA
PDS-11480,DESA
PDS-11484,DESA
PDS-11486,KELURAHAN
PDS-11487,KELURAHAN
PDS-11494,KELURAHAN
PDS-11495,KELURAHAN
PDS-11511,DESA
PDS-11516,DESA
PDS-11517,DESA
PDS-11529,DESA
PDS-11531,DESA
PDS-11532,KELURAHAN
PDS-11535,DESA
PDS-11537,KELURAHAN
PDS-11544,KELURAHAN
PDS-11547,DESA
PDS-11556,DESA
PDS-11557,DESA
PDS-11560,DESA
PDS-11562,DESA
PDS-11564,DESA
PDS-11566,DESA
PDS-11578,DESA
PDS-11581,DESA
PDS-11590,DESA
PDS-11591,DESA
PDS-11594,DESA
PDS-11596,DESA
PDS-11600,KELURAHAN
PDS-11602,DESA
PDS-11614,DESA
PDS-11619,KELURAHAN
PDS-11638,DESA
PDS-11640,DESA
PDS-11642,DESA
PDS-11646,KELURAHAN
PDS-11650,KELURAHAN
PDS-11654,DESA
PDS-11658,DESA
PDS-11665,DESA
PDS-11668,DESA
PDS-11670,DESA
PDS-11677,DESA
PDS-11684,KELURAHAN
PDS-11685,DESA
PDS-11692,DESA
PDS-11693,DESA
PDS-11695,DESA
PDS-11696,KELURAHAN
PDS-11701,DESA
PDS-11705,DESA
PDS-11706,DESA
PDS-11708,KELURAHAN
PDS-11714,DESA
PDS-11715,DESA
PDS-11719,DESA
PDS-11723,DESA
PDS-11738,DESA
PDS-11739,DESA
PDS-11740,DESA
PDS-11746,DESA
PDS-11749,DESA
PDS-11750,DESA
PDS-11755,DESA
PDS-11756,KELURAHAN
PDS-11758,DESA
PDS-11764,DESA
PDS-11768,DESA
PDS-11775,DESA
PDS-11778,DESA
PDS-11780,DESA
PDS-11788,DESA
PDS-11802,DESA
PDS-11804,DESA
PDS-11815,DESA
PDS-11822,DESA
PDS-11825,DESA
PDS-11827,DESA
PDS-11830,DESA
PDS-11835,DESA
PDS-11836,DESA
PDS-11838,DESA
PDS-11850,DESA
PDS-11852,DESA
PDS-11856,DESA
PDS-11862,DESA
PDS-11866,KELURAHAN
PDS-11868,DESA
PDS-11871,DESA
PDS-11872,DESA
PDS-11874,DESA
PDS-11875,KELURAHAN
PDS-11890,DESA
PDS-11895,DESA
PDS-11906,KELURAHAN
PDS-11909,DESA
PDS-11917,DESA
PDS-11919,DESA
PDS-11923,KELURAHAN
PDS-11928,DESA
PDS-11930,DESA
PDS-11939,DESA
PDS-11940,DESA
PDS-11945,DESA
PDS-11949,DESA
PDS-11950,DESA
PDS-11951,DESA
PDS-11952,DESA
PDS-11955,DESA
PDS-11957,DESA
PDS-11965,DESA
PDS-11970,DESA
PDS-11971,KELURAHAN
PDS-11972,DESA
PDS-11990,DESA
PDS-11993,DESA
PDS-11997,DESA
PDS-12000,KELURAHAN
PDS-12002,DESA
PDS-12004,KELURAHAN
PDS-12014,DESA
PDS-12016,DESA
PDS-12022,DESA
PDS-12032,DESA
PDS-12040,DESA
PDS-12041,DESA
PDS-12044,DESA
PDS-12046,DESA
PDS-12047,DESA
PDS-12049,DESA
PDS-12058,DESA
PDS-12068,DESA
PDS-12076,DESA
PDS-12081,DESA
PDS-12088,KELURAHAN
PDS-12090,DESA
PDS-12092,DESA
PDS-12097,KELURAHAN
PDS-12101,DESA
PDS-12110,DESA
PDS-12113,DESA
PDS-12116,DESA
PDS-12128,DESA
PDS-12131,DESA
PDS-12133,DESA
PDS-12145,DESA
PDS-12146,DESA
PDS-12150,DESA
PDS-12151,DESA
PDS-12156,DESA
PDS-12159,DESA
PDS-12162,KELURAHAN
PDS-12169,KELURAHAN
PDS-12174,DESA
PDS-12175,DESA
PDS-12176,DESA
PDS-12179,DESA
PDS-12181,KELURAHAN
PDS-12183,DESA
PDS-12184,DESA
PDS-12186,DESA
PDS-12193,DESA
PDS-12198,DESA
PDS-12200,DESA
PDS-12202,DESA
PDS-12207,DESA
PDS-12208,DESA
PDS-12209,DESA
PDS-12220,DESA
PDS-12227,DESA
PDS-12233,KELURAHAN
PDS-12235,DESA
PDS-12237,DESA
PDS-12238,DESA
PDS-12250,DESA
PDS-12252,DESA
PDS-12254,DESA
PDS-12255,KELURAHAN
PDS-12259,DESA
PDS-12261,KELURAHAN
PDS-12266,DESA
PDS-12276,KELURAHAN
PDS-12279,DESA
PDS-12290,DESA
PDS-12298,DESA
PDS-12299,DESA
PDS-12307,KELURAHAN
PDS-12313,DESA
PDS-12317,DESA
PDS-12324,KELURAHAN
PDS-12328,DESA
PDS-12329,DESA
PDS-12330,DESA
PDS-12331,DESA
PDS-12337,DESA
PDS-12338,DESA
PDS-12339,DESA
PDS-12343,DESA
PDS-12346,KELURAHAN
PDS-12356,DESA
PDS-12357,KELURAHAN
PDS-12361,KELURAHAN
PDS-12374,KELURAHAN
PDS-12381,DESA
PDS-12384,DESA
PDS-12392,DESA
PDS-12395,DESA
PDS-12412,DESA
PDS-12414,DESA
PDS-12416,DESA
PDS-12419,DESA
PDS-12425,DESA
PDS-12449,KELURAHAN
PDS-12450,DESA
PDS-12453,DESA
PDS-12454,DESA
PDS-12465,DESA
PDS-12467,DESA
PDS-12469,KELURAHAN
PDS-12474,DESA
PDS-12475,DESA
PDS-12486,DESA
PDS-12498,DESA
PDS-12501,KELURAHAN
PDS-12503,DESA
PDS-12505,DESA
PDS-12509,DESA
PDS-12513,DESA
PDS-12534,DESA
PDS-12542,DESA
PDS-12577,DESA
PDS-12583,DESA
PDS-12584,DESA
PDS-12589,DESA
PDS-12593,DESA
PDS-12596,DESA
PDS-12601,KELURAHAN
PDS-12603,DESA
PDS-12606,DESA
PDS-12608,DESA
PDS-12612,KELURAHAN
PDS-12626,DESA
PDS-12639,DESA
PDS-12641,DESA
PDS-12642,DESA
PDS-12648,DESA
PDS-12652,DESA
PDS-12653,DESA
PDS-12667,DESA
PDS-12677,DESA
PDS-12678,DESA
PDS-12683,DESA
PDS-12686,DESA
PDS-12687,DESA
PDS-12689,DESA
PDS-12694,DESA
PDS-12708,DESA
PDS-12714,DESA
PDS-12719,DESA
PDS-12722,DESA
PDS-12723,DESA
PDS-12729,KELURAHAN
PDS-12733,DESA
PDS-12738,DESA
PDS-12743,KELURAHAN
PDS-12744,DESA
PDS-12758,DESA
PDS-12764,DESA
PDS-12766,DESA
PDS-12769,KELURAHAN
PDS-12772,DESA
PDS-12773,DESA
PDS-12774,DESA
PDS-12776,DESA
PDS-12783,DESA
PDS-12791,DESA
PDS-12804,DESA
PDS-12809,DESA
PDS-12813,KELURAHAN
PDS-12817,DESA
PDS-12820,DESA
PDS-12821,KELURAHAN
PDS-12829,KELURAHAN
PDS-12836,DESA
PDS-12840,DESA
PDS-12852,DESA
PDS-12853,DESA
PDS-12856,DESA
PDS-12858,DESA
PDS-12867,DESA
PDS-12868,DESA
PDS-12870,DESA
PDS-12872,DESA
PDS-12875,DESA
PDS-12876,DESA
PDS-12881,DESA
PDS-12890,DESA
PDS-12892,DESA
PDS-12904,DESA
PDS-12906,DESA
PDS-12911,DESA
PDS-12914,DESA
PDS-12925,DESA
PDS-12936,DESA
PDS-12942,DESA
PDS-12946,KELURAHAN
PDS-12947,DESA
PDS-12952,DESA
PDS-12967,DESA
PDS-12973,DESA
PDS-12976,DESA
PDS-12978,DESA
PDS-12983,DESA
PDS-12985,DESA
PDS-12988,DESA
PDS-12991,DESA
PDS-12992,DESA
PDS-12997,DESA
PDS-12998,DESA
PDS-13000,DESA
PDS-13007,KELURAHAN
PDS-13014,DESA
PDS-13026,DESA
PDS-13032,DESA
PDS-13033,DESA
PDS-13046,DESA
PDS-13047,DESA
PDS-13051,KELURAHAN
PDS-13052,DESA
PDS-13058,DESA
PDS-13066,KELURAHAN
PDS-13068,DESA
PDS-13071,DESA
PDS-13075,DESA
PDS-13077,KELURAHAN
PDS-13082,DESA
PDS-13088,DESA
PDS-13110,KELURAHAN
PDS-13117,DESA
PDS-13118,DESA
PDS-13122,DESA
PDS-13126,DESA
PDS-13128,DESA
PDS-13132,DESA
PDS-13141,DESA
PDS-13146,KELURAHAN
PDS-13147,DESA
PDS-13150,DESA
PDS-13157,DESA
PDS-13169,DESA
PDS-13172,DESA
PDS-13179,KELURAHAN
PDS-13184,DESA
PDS-13185,KELURAHAN
PDS-13193,DESA
PDS-13194,DESA
PDS-13201,KELURAHAN
PDS-13217,DESA
PDS-13222,DESA
PDS-13224,DESA
PDS-13225,DESA
PDS-13227,KELURAHAN
PDS-13231,DESA
PDS-13233,DESA
PDS-13235,DESA
PDS-13238,DESA
PDS-13240,DESA
PDS-13246,DESA
PDS-13259,DESA
PDS-13262,DESA
PDS-13270,DESA
PDS-13280,DESA
PDS-13282,KELURAHAN
PDS-13284,DESA
PDS-13285,DESA
PDS-13289,DESA
PDS-13297,DESA
PDS-13300,DESA
PDS-13319,DESA
PDS-13320,DESA
PDS-13324,DESA
PDS-13325,DESA
PDS-13332,DESA
PDS-13334,DESA
PDS-13342,DESA
PDS-13351,DESA
PDS-13365,DESA
PDS-13369,DESA
PDS-13380,DESA
PDS-13381,KELURAHAN
PDS-13384,DESA
PDS-13387,DESA
PDS-13393,DESA
PDS-13396,DESA
PDS-13400,DESA
PDS-13402,DESA
PDS-13404,DESA
PDS-13405,DESA
PDS-13408,DESA
PDS-13410,KELURAHAN
PDS-13412,DESA
PDS-13415,DESA
PDS-13418,DESA
PDS-13423,DESA
PDS-13429,DESA
PDS-13430,DESA
PDS-13441,DESA
PDS-13447,DESA
PDS-13451,DESA
PDS-13453,DESA
PDS-13456,DESA
PDS-13457,KELURAHAN
PDS-13468,KELURAHAN
PDS-13473,DESA
PDS-13480,KELURAHAN
PDS-13482,DESA
PDS-13490,DESA
PDS-13491,DESA
PDS-13494,DESA
PDS-13501,KELURAHAN
PDS-13504,DESA
PDS-13508,DESA
PDS-13517,DESA
PDS-13519,DESA
PDS-13520,KELURAHAN
PDS-13522,DESA
PDS-13528,DESA
PDS-13538,KELURAHAN
PDS-13546,DESA
PDS-13548,DESA
PDS-13551,DESA
PDS-13565,DESA
PDS-13566,DESA
PDS-13569,DESA
PDS-13576,DESA
PDS-13585,KELURAHAN
PDS-13597,DESA
PDS-13599,DESA
PDS-13606,DESA
PDS-13613,DESA
PDS-13616,DESA
PDS-13622,KELURAHAN
PDS-13623,DESA
PDS-13624,KELURAHAN
PDS-13630,DESA
PDS-13636,DESA
PDS-13646,DESA
PDS-13653,DESA
PDS-13655,DESA
PDS-13660,DESA
PDS-13670,DESA
PDS-13674,DESA
PDS-13676,DESA
PDS-13681,KELURAHAN
PDS-13687,DESA
PDS-13690,DESA
PDS-13704,DESA
PDS-13706,DESA
PDS-13712,KELURAHAN
PDS-13717,DESA
PDS-13719,DESA
PDS-13738,DESA
PDS-13747,DESA
PDS-13750,DESA
PDS-13753,DESA
PDS-13758,DESA
PDS-13761,DESA
PDS-13768,DESA
PDS-13773,DESA
PDS-13774,DESA
PDS-13775,DESA
PDS-13779,DESA
PDS-13791,DESA
PDS-13795,DESA
PDS-13804,DESA
PDS-13808,DESA
PDS-13809,DESA
PDS-13829,DESA
PDS-13833,KELURAHAN
PDS-13840,DESA
PDS-13844,DESA
PDS-13850,KELURAHAN
PDS-13852,DESA
PDS-13860,DESA
PDS-13861,KELURAHAN
PDS-13866,DESA
PDS-13870,DESA
PDS-13878,DESA
PDS-13879,DESA
PDS-13892,DESA
PDS-13894,DESA
PDS-13901,DESA
PDS-13908,KELURAHAN
PDS-13911,KELURAHAN
PDS-13914,DESA
PDS-13918,DESA
PDS-13919,DESA
PDS-13920,DESA
PDS-13924,KELURAHAN
PDS-13927,DESA
PDS-13931,DESA
PDS-13932,KELURAHAN
PDS-13938,KELURAHAN
PDS-13945,DESA
PDS-13947,DESA
PDS-13948,DESA
PDS-13950,DESA
PDS-13965,DESA
PDS-13966,DESA
PDS-13970,DESA
PDS-13971,DESA
PDS-13976,KELURAHAN
PDS-13980,DESA
PDS-13987,DESA
PDS-13993,DESA
PDS-13995,KELURAHAN
PDS-13998,DESA
PDS-13999,DESA
PDS-14006,DESA
PDS-14011,DESA
PDS-14026,DESA
PDS-14027,KELURAHAN
PDS-14028,DESA
PDS-14032,KELURAHAN
PDS-14037,DESA
PDS-14040,DESA
PDS-14043,DESA
PDS-14044,DESA
PDS-14052,DESA
PDS-14053,DESA
PDS-14057,DESA
PDS-14061,DESA
PDS-14063,DESA
PDS-14070,KELURAHAN
PDS-14073,DESA
PDS-14076,DESA
PDS-14080,DESA
PDS-14083,DESA
PDS-14084,DESA
PDS-14088,KELURAHAN
PDS-14090,DESA
PDS-14099,DESA
PDS-14110,DESA
PDS-14114,DESA
PDS-14115,DESA
PDS-14120,DESA
PDS-14123,KELURAHAN
PDS-14125,KELURAHAN
PDS-14126,DESA
PDS-14136,DESA
PDS-14139,DESA
PDS-14140,DESA
PDS-14141,DESA
PDS-14154,DESA
PDS-14155,DESA
PDS-14163,DESA
PDS-14173,DESA
PDS-14179,DESA
PDS-14189,DESA
PDS-14192,DESA
PDS-14200,DESA
PDS-14204,DESA
PDS-14208,DESA
PDS-14209,DESA
PDS-14211,KELURAHAN
PDS-14212,DESA
PDS-14213,KELURAHAN
PDS-14216,KELURAHAN
PDS-14227,DESA
PDS-14232,DESA
PDS-14233,KELURAHAN
PDS-14244,DESA
PDS-14257,DESA
PDS-14258,DESA
PDS-14263,DESA
PDS-14270,DESA
PDS-14271,DESA
PDS-14278,DESA
PDS-14283,DESA
PDS-14287,DESA
PDS-14288,DESA
PDS-14289,DESA
PDS-14290,DESA
PDS-14292,DESA
PDS-14296,DESA
PDS-14297,DESA
PDS-14301,KELURAHAN
PDS-14309,DESA
PDS-14310,DESA
PDS-14319,KELURAHAN
PDS-14326,DESA
PDS-14335,DESA
PDS-14351,DESA
PDS-14358,KELURAHAN
PDS-14368,DESA
PDS-14370,DESA
PDS-14374,DESA
PDS-14377,DESA
PDS-14383,DESA
PDS-14386,DESA
PDS-14388,DESA
PDS-14389,DESA
PDS-14395,KELURAHAN
PDS-14398,DESA
PDS-14415,KELURAHAN
PDS-14423,DESA
PDS-14424,DESA
PDS-14425,DESA
PDS-14428,DESA
PDS-14431,DESA
PDS-14435,KELURAHAN
PDS-14438,DESA
PDS-14452,DESA
PDS-14454,KELURAHAN
PDS-14473,DESA
PDS-14474,KELURAHAN
PDS-14479,DESA
PDS-14483,KELURAHAN
PDS-14485,DESA
PDS-14487,DESA
PDS-14490,DESA
PDS-14502,DESA
PDS-14503,DESA
PDS-14513,DESA
PDS-14521,DESA
PDS-14524,DESA
PDS-14528,DESA
PDS-14532,DESA
PDS-14535,DESA
PDS-14537,DESA
PDS-14538,DESA
PDS-14542,KELURAHAN
PDS-14552,DESA
PDS-14553,DESA
PDS-14556,DESA
PDS-14560,DESA
PDS-14562,KELURAHAN
PDS-14563,DESA
PDS-14566,DESA
PDS-14567,DESA
PDS-14568,DESA
PDS-14572,DESA
PDS-14590,DESA
PDS-14595,DESA
PDS-14597,DESA
PDS-14600,DESA
PDS-14608,DESA
PDS-14610,DESA
PDS-14632,DESA
PDS-14639,DESA
PDS-14647,DESA
PDS-14664,DESA
PDS-14666,DESA
PDS-14672,DESA
PDS-14681,DESA
PDS-14684,DESA
PDS-14687,DESA
PDS-14689,DESA
PDS-14697,DESA
PDS-14716,DESA
PDS-14717,DESA
PDS-14722,DESA
PDS-14731,DESA
PDS-14744,DESA
PDS-14750,KELURAHAN
PDS-14756,KELURAHAN
PDS-14789,DESA
PDS-14795,KELURAHAN
PDS-14807,DESA
PDS-14819,KELURAHAN
PDS-14821,DESA
PDS-14822,DESA
PDS-14824,DESA
PDS-14825,DESA
PDS-14829,DESA
PDS-14838,DESA
PDS-14840,DESA
PDS-14847,KELURAHAN
PDS-14850,DESA
PDS-14853,KELURAHAN
PDS-14860,DESA
PDS-14869,DESA
PDS-14871,DESA
PDS-14872,DESA
PDS-14890,KELURAHAN
PDS-14891,DESA
PDS-14897,DESA
PDS-14900,DESA
PDS-14902,DESA
PDS-14909,KELURAHAN
PDS-14917,DESA
PDS-14925,DESA
PDS-14934,DESA
PDS-14940,KELURAHAN
PDS-14949,DESA
PDS-14950,DESA
PDS-14956,KELURAHAN
PDS-14974,KELURAHAN
PDS-14996,DESA
PDS-14997,KELURAHAN
PDS-15008,DESA
PDS-15021,DESA
PDS-15024,KELURAHAN
PDS-15035,DESA
PDS-15037,DESA
PDS-15038,DESA
PDS-15039,DESA
PDS-15043,DESA
PDS-15049,DESA
PDS-15062,DESA
PDS-15065,DESA
PDS-15070,KELURAHAN
PDS-15071,DESA
PDS-15073,DESA
PDS-15079,DESA
PDS-15084,DESA
PDS-15088,KELURAHAN
PDS-15089,DESA
PDS-15090,DESA
PDS-15094,DESA
PDS-15097,DESA
PDS-15107,DESA
PDS-15115,DESA
PDS-15126,DESA
PDS-15130,DESA
PDS-15141,DESA
PDS-15148,DESA
PDS-15150,DESA
PDS-15152,DESA
PDS-15153,KELURAHAN
PDS-15157,DESA
PDS-15159,DESA
PDS-15161,DESA
PDS-15167,KELURAHAN
PDS-15170,KELURAHAN
PDS-15178,DESA
PDS-15184,DESA
PDS-15194,DESA
PDS-15196,KELURAHAN
PDS-15201,DESA
PDS-15203,DESA
PDS-15207,DESA
PDS-15223,DESA
PDS-15224,DESA
PDS-15227,DESA
PDS-15229,DESA
PDS-15230,DESA
PDS-15234,KELURAHAN
PDS-15241,KELURAHAN
PDS-15247,DESA
PDS-15252,DESA
PDS-15254,KELURAHAN
PDS-15255,DESA
PDS-15262,DESA
PDS-15266,DESA
PDS-15272,DESA
PDS-15276,DESA
PDS-15283,DESA
PDS-15306,DESA
PDS-15310,DESA
PDS-15314,DESA
PDS-15318,DESA
PDS-15329,DESA
PDS-15339,DESA
PDS-15344,DESA
PDS-15347,DESA
PDS-15350,DESA
PDS-15353,DESA
PDS-15359,DESA
PDS-15361,KELURAHAN
PDS-15369,DESA
PDS-15370,DESA
PDS-15373,KELURAHAN
PDS-15374,DESA
PDS-15375,DESA
PDS-15380,DESA
PDS-15385,DESA
PDS-15386,KELURAHAN
PDS-15399,DESA
PDS-15408,KELURAHAN
PDS-15409,DESA
PDS-15418,DESA
PDS-15423,DESA
PDS-15433,DESA
PDS-15434,DESA
PDS-15435,DESA
PDS-15439,KELURAHAN
PDS-15442,DESA
PDS-15445,KELURAHAN
PDS-15450,DESA
PDS-15458,KELURAHAN
PDS-15464,DESA
PDS-15477,DESA
PDS-15486,DESA
PDS-15494,DESA
PDS-15505,DESA
PDS-15508,DESA
PDS-15513,DESA
PDS-15515,DESA
PDS-15516,DESA
PDS-15518,DESA
PDS-15521,KELURAHAN
PDS-15523,DESA
PDS-15524,DESA
PDS-15525,DESA
PDS-15526,DESA
PDS-15535,DESA
PDS-15553,DESA
PDS-15563,DESA
PDS-15564,DESA
PDS-15578,DESA
PDS-15586,DESA
PDS-15587,DESA
PDS-15588,DESA
PDS-15589,DESA
PDS-15593,DESA
PDS-15597,DESA
PDS-15600,DESA
PDS-15601,DESA
PDS-15624,DESA
PDS-15628,DESA
PDS-15633,DESA
PDS-15636,DESA
PDS-15637,DESA
PDS-15639,DESA
PDS-15640,KELURAHAN
PDS-15642,DESA
PDS-15647,DESA
PDS-15650,DESA
PDS-15671,DESA
PDS-15675,KELURAHAN
PDS-15680,DESA
PDS-15687,DESA
PDS-15689,DESA
PDS-15708,DESA
PDS-15709,DESA
PDS-15711,DESA
PDS-15712,KELURAHAN
PDS-15716,DESA
PDS-15718,DESA
PDS-15722,DESA
PDS-15729,DESA
PDS-15736,DESA
PDS-15741,DESA
PDS-15744,DESA
PDS-15746,DESA
PDS-15748,DESA
PDS-15749,KELURAHAN
PDS-15752,DESA
PDS-15762,DESA
PDS-15769,DESA
PDS-15771,DESA
PDS-15776,KELURAHAN
PDS-15782,KELURAHAN
PDS-15788,DESA
PDS-15796,DESA
PDS-15797,KELURAHAN
PDS-15811,DESA
PDS-15813,DESA
PDS-15823,DESA
PDS-15827,DESA
PDS-15831,DESA
PDS-15837,DESA
PDS-15846,DESA
PDS-15849,DESA
PDS-15851,DESA
PDS-15877,DESA
PDS-15884,DESA
PDS-15888,DESA
PDS-15893,DESA
PDS-15897,DESA
PDS-15900,KELURAHAN
PDS-15902,DESA
PDS-15907,DESA
PDS-15914,DESA
PDS-15917,DESA
PDS-15921,DESA
PDS-15922,DESA
PDS-15925,KELURAHAN
PDS-15928,DESA
PDS-15935,KELURAHAN
PDS-15936,DESA
PDS-15942,DESA
PDS-15946,DESA
PDS-15951,DESA
PDS-15955,DESA
PDS-15980,KELURAHAN
PDS-15989,DESA
PDS-15991,KELURAHAN
PDS-15997,DESA
PDS-15998,DESA
PDS-15999,DESA
PDS-16002,DESA
PDS-16003,KELURAHAN
PDS-16010,DESA
PDS-16014,DESA
PDS-16015,DESA
PDS-16019,DESA
PDS-16020,DESA
PDS-16022,DESA
PDS-16024,KELURAHAN
PDS-16029,DESA
PDS-16030,DESA
PDS-16033,DESA
PDS-16035,DESA
PDS-16036,DESA
PDS-16045,DESA
PDS-16049,DESA
PDS-16053,DESA
PDS-16064,DESA
PDS-16078,DESA
PDS-16083,DESA
PDS-16087,DESA
PDS-16088,DESA
PDS-16094,DESA
PDS-16101,DESA
PDS-16104,DESA
PDS-16107,KELURAHAN
PDS-16128,DESA
PDS-16134,KELURAHAN
PDS-16141,DESA
PDS-16153,DESA
PDS-16155,DESA
PDS-16158,DESA
PDS-16164,KELURAHAN
PDS-16166,DESA
PDS-16171,DESA
PDS-16174,DESA
PDS-16185,DESA
PDS-16194,DESA
PDS-16195,DESA
PDS-16199,DESA
PDS-16200,DESA
PDS-16210,DESA
PDS-16212,DESA
PDS-16213,DESA
PDS-16217,DESA
PDS-16221,DESA
PDS-16231,DESA
PDS-16233,DESA
PDS-16238,KELURAHAN
PDS-16242,DESA
PDS-16245,DESA
PDS-16280,DESA
PDS-16281,DESA
PDS-16282,DESA
PDS-16283,DESA
PDS-16286,KELURAHAN
PDS-16289,DESA
PDS-16295,DESA
PDS-16300,KELURAHAN
PDS-16301,DESA
PDS-16310,DESA
PDS-16312,DESA
PDS-16313,DESA
PDS-16315,DESA
PDS-16323,DESA
PDS-16336,DESA
PDS-16337,DESA
PDS-16347,DESA
PDS-16348,DESA
PDS-16352,DESA
PDS-16354,DESA
PDS-16364,KELURAHAN
PDS-16365,DESA
PDS-16370,DESA
PDS-16371,DESA
PDS-16372,DESA
PDS-16377,DESA
PDS-16378,DESA
PDS-16379,DESA
PDS-16381,DESA
PDS-16386,DESA
PDS-16387,DESA
PDS-16389,KELURAHAN
PDS-16390,DESA
PDS-16391,DESA
PDS-16392,DESA
PDS-16394,DESA
PDS-16403,DESA
PDS-16406,DESA
PDS-16407,DESA
PDS-16423,DESA
PDS-16434,DESA
PDS-16437,DESA
PDS-16439,DESA
PDS-16447,DESA
PDS-16449,DESA
PDS-16457,KELURAHAN
PDS-16459,DESA
PDS-16463,DESA
PDS-16479,DESA
PDS-16483,DESA
PDS-16490,DESA
PDS-16500,KELURAHAN
PDS-16501,DESA
PDS-16510,DESA
PDS-16515,KELURAHAN
PDS-16518,DESA
PDS-16522,DESA
PDS-16524,DESA
PDS-16525,DESA
PDS-16527,DESA
PDS-16531,DESA
PDS-16532,DESA
PDS-16539,DESA
PDS-16543,DESA
PDS-16545,DESA
PDS-16567,KELURAHAN
PDS-16576,DESA
PDS-16586,DESA
PDS-16590,DESA
PDS-16591,DESA
PDS-16609,DESA
PDS-16610,DESA
PDS-16611,DESA
PDS-16617,DESA
PDS-16626,KELURAHAN
PDS-16634,DESA
PDS-16640,DESA
PDS-16645,KELURAHAN
PDS-16647,KELURAHAN
PDS-16649,KELURAHAN
PDS-16654,DESA
PDS-16655,DESA
PDS-16662,DESA
PDS-16663,DESA
PDS-16670,KELURAHAN
PDS-16674,DESA
PDS-16679,DESA
PDS-16691,DESA
PDS-16692,DESA
PDS-16702,DESA
PDS-16714,DESA
PDS-16716,DESA
PDS-16725,DESA
PDS-16726,KELURAHAN
PDS-16730,DESA
PDS-16733,DESA
PDS-16744,DESA
PDS-16749,DESA
PDS-16750,KELURAHAN
PDS-16754,DESA
PDS-16755,DESA
PDS-16767,DESA
PDS-16768,DESA
PDS-16775,KELURAHAN
PDS-16780,DESA
PDS-16790,DESA
PDS-16808,DESA
PDS-16833,DESA
PDS-16836,DESA
PDS-16839,DESA
PDS-16844,DESA
PDS-16849,DESA
PDS-16851,KELURAHAN
PDS-16860,DESA
PDS-16867,DESA
PDS-16874,DESA
PDS-16882,DESA
PDS-16897,DESA
PDS-16899,KELURAHAN
PDS-16902,KELURAHAN
PDS-16906,DESA
PDS-16908,DESA
PDS-16911,DESA
PDS-16914,DESA
PDS-16916,DESA
PDS-16921,DESA
PDS-16922,DESA
PDS-16924,DESA
PDS-16941,KELURAHAN
PDS-16944,DESA
PDS-16956,DESA
PDS-16959,DESA
PDS-16960,DESA
PDS-16965,DESA
PDS-16966,DESA
PDS-16968,DESA
PDS-16978,KELURAHAN
PDS-16981,DESA
PDS-16985,DESA
PDS-16987,KELURAHAN
PDS-16991,DESA
PDS-16995,DESA
PDS-16999,KELURAHAN
PDS-17000,DESA
PDS-17015,DESA
PDS-17016,KELURAHAN
PDS-17019,DESA
PDS-17020,KELURAHAN
PDS-17023,KELURAHAN
PDS-17029,DESA
PDS-17030,KELURAHAN
PDS-17031,DESA
PDS-17034,DESA
PDS-17043,DESA
PDS-17044,DESA
PDS-17045,DESA
PDS-17048,DESA
PDS-17054,DESA
PDS-17056,DESA
PDS-17059,DESA
PDS-17064,DESA
PDS-17070,DESA
PDS-17071,DESA
PDS-17072,DESA
PDS-17073,DESA
PDS-17074,DESA
PDS-17077,DESA
PDS-17080,DESA
PDS-17082,DESA
PDS-17083,DESA
PDS-17088,DESA
PDS-17092,DESA
PDS-17101,DESA
PDS-17102,DESA
PDS-17112,DESA
PDS-17145,DESA
PDS-17154,KELURAHAN
PDS-17155,DESA
PDS-17160,DESA
PDS-17161,KELURAHAN
PDS-17163,DESA
PDS-17176,DESA
PDS-17187,KELURAHAN
PDS-17201,DESA
PDS-17209,DESA
PDS-17210,DESA
PDS-17215,DESA
PDS-17217,DESA
PDS-17229,DESA
PDS-17248,DESA
PDS-17252,KELURAHAN
PDS-17259,DESA
PDS-17261,DESA
PDS-17263,DESA
PDS-17267,KELURAHAN
PDS-17271,DESA
PDS-17276,DESA
PDS-17290,DESA
PDS-17295,DESA
PDS-17298,DESA
PDS-17302,DESA
PDS-17303,KELURAHAN
PDS-17305,DESA
PDS-17309,DESA
PDS-17313,DESA
PDS-17314,DESA
PDS-17318,DESA
PDS-17321,DESA
PDS-17328,DESA
PDS-17331,DESA
PDS-17333,KELURAHAN
PDS-17335,DESA
PDS-17338,DESA
PDS-17339,DESA
PDS-17341,DESA
PDS-17344,DESA
PDS-17348,DESA
PDS-17351,DESA
PDS-17357,DESA
PDS-17360,DESA
PDS-17365,KELURAHAN
PDS-17369,DESA
PDS-17371,DESA
PDS-17372,DESA
PDS-17374,DESA
PDS-17375,DESA
PDS-17376,DESA
PDS-17377,DESA
PDS-17397,KELURAHAN
PDS-17413,DESA
PDS-17414,DESA
PDS-17421,DESA
PDS-17422,DESA
PDS-17425,DESA
PDS-17430,DESA
PDS-17433,DESA
PDS-17435,DESA
PDS-17439,DESA
PDS-17448,DESA
PDS-17450,DESA
PDS-17451,DESA
PDS-17454,DESA
PDS-17457,DESA
PDS-17462,DESA
PDS-17479,KELURAHAN
PDS-17483,DESA
PDS-17485,DESA
PDS-17507,DESA
PDS-17509,DESA
PDS-17515,DESA
PDS-17520,KELURAHAN
PDS-17521,DESA
PDS-17523,KELURAHAN
PDS-17533,DESA
PDS-17544,DESA
PDS-17564,DESA
PDS-17569,DESA
PDS-17570,DESA
PDS-17576,DESA
PDS-17583,DESA
PDS-17587,DESA
PDS-17590,DESA
PDS-17603,KELURAHAN
PDS-17612,DESA
PDS-17619,KELURAHAN
PDS-17623,DESA
PDS-17626,KELURAHAN
PDS-17631,DESA
PDS-17634,DESA
PDS-17641,DESA
PDS-17642,KELURAHAN
PDS-17643,DESA
PDS-17650,DESA
PDS-17651,DESA
PDS-17659,DESA
PDS-17661,KELURAHAN
PDS-17675,DESA
PDS-17676,DESA
PDS-17678,DESA
PDS-17681,DESA
PDS-17686,DESA
PDS-17693,DESA
PDS-17710,DESA
PDS-17716,DESA
PDS-17718,DESA
PDS-17722,DESA
PDS-17723,DESA
PDS-17728,DESA
PDS-17733,DESA
PDS-17741,KELURAHAN
PDS-17749,DESA
PDS-17750,DESA
PDS-17762,KELURAHAN
PDS-17765,DESA
PDS-17771,DESA
PDS-17772,DESA
PDS-17773,DESA
PDS-17774,DESA
PDS-17775,DESA
PDS-17779,DESA
PDS-17807,DESA
PDS-17816,DESA
PDS-17824,DESA
PDS-17825,DESA
PDS-17827,DESA
PDS-17833,DESA
PDS-17834,DESA
PDS-17840,KELURAHAN
PDS-17845,KELURAHAN
PDS-17846,DESA
PDS-17851,DESA
PDS-17859,KELURAHAN
PDS-17861,DESA
PDS-17863,DESA
PDS-17869,DESA
PDS-17880,KELURAHAN
PDS-17882,DESA
PDS-17889,DESA
PDS-17890,KELURAHAN
PDS-17902,DESA
PDS-17906,DESA
PDS-17909,DESA
PDS-17910,DESA
PDS-17911,DESA
PDS-17913,DESA
PDS-17916,DESA
PDS-17922,DESA
PDS-17925,DESA
PDS-17933,KELURAHAN
PDS-17940,DESA
PDS-17952,DESA
PDS-17956,DESA
PDS-17959,DESA
PDS-17962,DESA
PDS-17973,DESA
PDS-17989,DESA
PDS-18018,DESA
PDS-18020,DESA
PDS-18021,DESA
PDS-18024,DESA
PDS-18025,DESA
PDS-18031,KELURAHAN
PDS-18032,KELURAHAN
PDS-18033,DESA
PDS-18038,DESA
PDS-18046,DESA
PDS-18048,DESA
PDS-18049,KELURAHAN
PDS-18051,DESA
PDS-18053,DESA
PDS-18059,DESA
PDS-18061,DESA
PDS-18063,DESA
PDS-18071,DESA
PDS-18072,DESA
PDS-18074,KELURAHAN
PDS-18078,DESA
PDS-18089,DESA
PDS-18092,DESA
PDS-18094,DESA
PDS-18097,DESA
PDS-18100,KELURAHAN
PDS-18109,DESA
PDS-18118,KELURAHAN
PDS-18134,DESA
PDS-18136,DESA
PDS-18142,DESA
PDS-18147,DESA
PDS-18156,DESA
PDS-18157,DESA
PDS-18161,DESA
PDS-18164,KELURAHAN
PDS-18172,DESA
PDS-18173,DESA
PDS-18181,DESA
PDS-18185,KELURAHAN
PDS-18189,DESA
PDS-18194,DESA
PDS-18197,DESA
PDS-18200,DESA
PDS-18203,KELURAHAN
PDS-18208,DESA
PDS-18212,DESA
PDS-18214,DESA
PDS-18222,DESA
PDS-18223,DESA
PDS-18226,DESA
PDS-18228,DESA
PDS-18231,DESA
PDS-18234,DESA
PDS-18238,DESA
PDS-18242,DESA
PDS-18250,KELURAHAN
PDS-18258,DESA
PDS-18260,DESA
PDS-18264,DESA
PDS-18269,DESA
PDS-18272,DESA
PDS-18280,DESA
PDS-18285,DESA
PDS-18288,DESA
PDS-18291,DESA
PDS-18298,DESA
PDS-18310,DESA
PDS-18312,DESA
PDS-18314,DESA
PDS-18323,DESA
PDS-18331,DESA
PDS-18334,DESA
PDS-18344,DESA
PDS-18345,DESA
PDS-18352,DESA
PDS-18353,DESA
PDS-18355,DESA
PDS-18361,DESA
PDS-18376,DESA
PDS-18379,DESA
PDS-18381,DESA
PDS-18382,DESA
PDS-18384,DESA
PDS-18385,DESA
PDS-18395,DESA
PDS-18401,DESA
PDS-18411,DESA
PDS-18417,DESA
PDS-18426,DESA
PDS-18428,KELURAHAN
PDS-18429,DESA
PDS-18432,KELURAHAN
PDS-18436,KELURAHAN
PDS-18441,DESA
PDS-18445,DESA
PDS-18447,KELURAHAN
PDS-18450,KELURAHAN
PDS-18451,KELURAHAN
PDS-18453,DESA
PDS-18455,KELURAHAN
PDS-18459,DESA
PDS-18475,DESA
PDS-18486,KELURAHAN
PDS-18490,DESA
PDS-18505,DESA
PDS-18510,DESA
PDS-18515,DESA
PDS-18521,DESA
PDS-18526,DESA
PDS-18533,DESA
PDS-18538,KELURAHAN
PDS-18541,KELURAHAN
PDS-18545,DESA
PDS-18546,DESA
PDS-18547,DESA
PDS-18556,DESA
PDS-18557,DESA
PDS-18565,DESA
PDS-18575,DESA
PDS-18580,KELURAHAN
PDS-18588,DESA
PDS-18589,KELURAHAN
PDS-18590,DESA
PDS-18592,DESA
PDS-18602,DESA
PDS-18607,DESA
PDS-18620,DESA
PDS-18625,DESA
PDS-18627,DESA
PDS-18632,DESA
PDS-18640,DESA
PDS-18643,DESA
PDS-18644,DESA
PDS-18650,DESA
PDS-18659,DESA
PDS-18664,DESA
PDS-18678,DESA
PDS-18679,DESA
PDS-18682,DESA
PDS-18690,DESA
PDS-18692,DESA
PDS-18694,DESA
PDS-18707,DESA
PDS-18709,DESA
PDS-18711,DESA
PDS-18712,DESA
PDS-18731,DESA
PDS-18734,DESA
PDS-18740,DESA
PDS-18744,DESA
PDS-18746,KELURAHAN
PDS-18753,DESA
PDS-18754,DESA
PDS-18756,DESA
PDS-18768,DESA
PDS-18772,DESA
PDS-18778,DESA
PDS-18779,DESA
PDS-18788,KELURAHAN
PDS-18793,DESA
PDS-18794,DESA
PDS-18801,KELURAHAN
PDS-18804,DESA
PDS-18811,DESA
PDS-18815,DESA
PDS-18823,DESA
PDS-18845,DESA
PDS-18846,DESA
PDS-18851,DESA
PDS-18853,KELURAHAN
PDS-18864,DESA
PDS-18878,DESA
PDS-18881,DESA
PDS-18882,KELURAHAN
PDS-18889,KELURAHAN
PDS-18890,DESA
PDS-18896,DESA
PDS-18909,DESA
PDS-18914,DESA
PDS-18920,DESA
PDS-18923,DESA
PDS-18926,DESA
PDS-18932,DESA
PDS-18936,DESA
PDS-18940,DESA
PDS-18943,KELURAHAN
PDS-18945,DESA
PDS-18946,KELURAHAN
PDS-18950,DESA
PDS-18951,DESA
PDS-18952,DESA
PDS-18960,DESA
PDS-18966,DESA
PDS-18972,KELURAHAN
PDS-18978,KELURAHAN
PDS-18979,DESA
PDS-18989,KELURAHAN
PDS-18991,DESA
PDS-18992,DESA
PDS-18995,DESA
PDS-19002,DESA
PDS-19009,DESA
PDS-19019,DESA
PDS-19020,DESA
PDS-19030,DESA
PDS-19034,DESA
PDS-19046,DESA
PDS-19057,DESA
PDS-19064,DESA
PDS-19066,DESA
PDS-19072,DESA
PDS-19087,KELURAHAN
PDS-19088,KELURAHAN
PDS-19093,KELURAHAN
PDS-19097,DESA
PDS-19098,DESA
PDS-19104,DESA
PDS-19108,DESA
PDS-19110,DESA
PDS-19116,DESA
PDS-19118,DESA
PDS-19119,DESA
PDS-19121,DESA
PDS-19124,DESA
PDS-19125,KELURAHAN
PDS-19128,KELURAHAN
PDS-19129,DESA
PDS-19130,DESA
PDS-19137,DESA
PDS-19146,DESA
PDS-19150,DESA
PDS-19152,DESA
PDS-19153,DESA
PDS-19157,DESA
PDS-19158,DESA
PDS-19165,DESA
PDS-19167,DESA
PDS-19168,KELURAHAN
PDS-19170,DESA
PDS-19171,KELURAHAN
PDS-19174,DESA
PDS-19175,DESA
PDS-19177,DESA
PDS-19182,DESA
PDS-19188,DESA
PDS-19191,DESA
PDS-19195,DESA
PDS-19199,DESA
PDS-19202,DESA
PDS-19204,DESA
PDS-19207,DESA
PDS-19209,DESA
PDS-19213,DESA
PDS-19217,DESA
PDS-19219,DESA
PDS-19223,DESA
PDS-19224,DESA
PDS-19226,DESA
PDS-19234,KELURAHAN
PDS-19239,DESA
PDS-19251,DESA
PDS-19256,KELURAHAN
PDS-19257,DESA
PDS-19260,DESA
PDS-19263,DESA
PDS-19276,KELURAHAN
PDS-19281,DESA
PDS-19283,DESA
PDS-19289,DESA
PDS-19297,DESA
PDS-19300,DESA
PDS-19308,DESA
PDS-19316,DESA
PDS-19331,DESA
PDS-19334,DESA
PDS-19335,DESA
PDS-19338,DESA
PDS-19343,DESA
PDS-19346,DESA
PDS-19349,KELURAHAN
PDS-19357,DESA
PDS-19361,DESA
PDS-19363,DESA
PDS-19364,DESA
PDS-19375,DESA
PDS-19390,DESA
PDS-19393,DESA
PDS-19394,DESA
PDS-19405,DESA
PDS-19415,KELURAHAN
PDS-19421,DESA
PDS-19427,DESA
PDS-19431,KELURAHAN
PDS-19441,DESA
PDS-19447,DESA
PDS-19457,KELURAHAN
PDS-19458,DESA
PDS-19460,DESA
PDS-19466,DESA
PDS-19478,DESA
PDS-19482,DESA
PDS-19484,KELURAHAN
PDS-19489,DESA
PDS-19493,DESA
PDS-19494,KELURAHAN
PDS-19502,DESA
PDS-19504,DESA
PDS-19509,DESA
PDS-19521,DESA
PDS-19523,KELURAHAN
PDS-19529,DESA
PDS-19532,DESA
PDS-19540,DESA
PDS-19541,DESA
PDS-19542,DESA
PDS-19547,DESA
PDS-19553,DESA
PDS-19555,DESA
PDS-19556,DESA
PDS-19558,DESA
PDS-19559,DESA
PDS-19560,DESA
PDS-19562,DESA
PDS-19564,DESA
PDS-19568,DESA
PDS-19577,DESA
PDS-19582,DESA
PDS-19583,DESA
PDS-19584,DESA
PDS-19585,DESA
PDS-19596,DESA
PDS-19597,DESA
PDS-19601,DESA
PDS-19605,DESA
PDS-19608,DESA
PDS-19611,DESA
PDS-19612,DESA
PDS-19615,DESA
PDS-19622,DESA
PDS-19624,DESA
PDS-19625,DESA
PDS-19626,DESA
PDS-19627,DESA
PDS-19628,DESA
PDS-19643,DESA
PDS-19644,DESA
PDS-19656,DESA
PDS-19658,KELURAHAN
PDS-19661,KELURAHAN
PDS-19662,DESA
PDS-19676,KELURAHAN
PDS-19679,KELURAHAN
PDS-19687,DESA
PDS-19695,DESA
PDS-19703,KELURAHAN
PDS-19709,DESA
PDS-19711,DESA
PDS-19712,DESA
PDS-19716,DESA
PDS-19720,DESA
PDS-19725,KELURAHAN
PDS-19728,KELURAHAN
PDS-19730,DESA
PDS-19739,DESA
PDS-19742,DESA
PDS-19745,DESA
PDS-19759,DESA
PDS-19761,DESA
PDS-19770,KELURAHAN
PDS-19779,DESA
PDS-19791,DESA
PDS-19800,KELURAHAN
PDS-19801,DESA
PDS-19811,DESA
PDS-19812,DESA
PDS-19817,DESA
PDS-19831,DESA
PDS-19836,KELURAHAN
PDS-19841,DESA
PDS-19847,DESA
PDS-19851,DESA
PDS-19857,KELURAHAN
PDS-19868,DESA
PDS-19871,KELURAHAN
PDS-19874,DESA
PDS-19875,DESA
PDS-19878,DESA
PDS-19881,DESA
PDS-19889,DESA
PDS-19890,DESA
PDS-19892,DESA
PDS-19895,DESA
PDS-19896,KELURAHAN
PDS-19901,DESA
PDS-19902,DESA
PDS-19910,DESA
PDS-19915,DESA
PDS-19916,DESA
PDS-19922,DESA
PDS-19924,KELURAHAN
PDS-19934,DESA
PDS-19943,DESA
PDS-19945,DESA
PDS-19946,KELURAHAN
PDS-19957,DESA
PDS-19964,DESA
PDS-19966,DESA
PDS-19969,KELURAHAN
PDS-19976,DESA
PDS-19979,DESA
PDS-19983,DESA
PDS-19989,DESA
PDS-19992,DESA
PDS-19995,DESA
PDS-19997,DESA
PDS-20004,DESA
PDS-20013,DESA
PDS-20014,DESA
PDS-20018,DESA
PDS-20021,KELURAHAN
PDS-20022,DESA
PDS-20023,KELURAHAN
PDS-20026,DESA
PDS-20029,DESA
PDS-20030,DESA
PDS-20040,DESA
PDS-20048,DESA
PDS-20050,DESA
PDS-20055,DESA
PDS-20057,DESA
PDS-20059,DESA
PDS-20060,DESA
PDS-20075,KELURAHAN
PDS-20080,KELURAHAN
PDS-20081,DESA
PDS-20084,DESA
PDS-20086,DESA
PDS-20094,DESA
PDS-20096,DESA
PDS-20099,DESA
PDS-20103,DESA
PDS-20104,DESA
PDS-20107,DESA
PDS-20110,KELURAHAN
PDS-20115,KELURAHAN
PDS-20120,DESA
PDS-20121,DESA
PDS-20125,KELURAHAN
PDS-20126,KELURAHAN
PDS-20128,DESA
PDS-20129,DESA
PDS-20132,KELURAHAN
PDS-20133,DESA
PDS-20144,DESA
PDS-20145,DESA
PDS-20148,DESA
PDS-20149,DESA
PDS-20151,DESA
PDS-20154,KELURAHAN
PDS-20160,DESA
PDS-20163,DESA
PDS-20171,DESA
PDS-20173,DESA
PDS-20177,DESA
PDS-20181,DESA
PDS-20186,DESA
PDS-20187,DESA
PDS-20196,DESA
PDS-20209,KELURAHAN
PDS-20213,DESA
PDS-20216,DESA
PDS-20220,DESA
PDS-20224,DESA
PDS-20225,DESA
PDS-20228,DESA
PDS-20230,KELURAHAN
PDS-20235,DESA
PDS-20239,DESA
PDS-20241,DESA
PDS-20252,DESA
PDS-20259,DESA
PDS-20260,DESA
PDS-20261,DESA
PDS-20267,DESA
PDS-20278,DESA
PDS-20282,DESA
PDS-20286,DESA
PDS-20289,DESA
PDS-20305,DESA
PDS-20307,KELURAHAN
PDS-20308,DESA
PDS-20310,KELURAHAN
PDS-20311,DESA
PDS-20314,DESA
PDS-20315,DESA
PDS-20325,DESA
PDS-20332,DESA
PDS-20336,DESA
PDS-20338,DESA
PDS-20350,KELURAHAN
PDS-20355,DESA
PDS-20359,DESA
PDS-20361,DESA
PDS-20378,DESA
PDS-20385,DESA
PDS-20390,DESA
PDS-20393,DESA
PDS-20394,DESA
PDS-20406,DESA
PDS-20412,DESA
PDS-20418,DESA
PDS-20421,DESA
PDS-20422,DESA
PDS-20446,DESA
PDS-20448,DESA
PDS-20453,KELURAHAN
PDS-20455,KELURAHAN
PDS-20457,DESA
PDS-20464,DESA
PDS-20467,DESA
PDS-20492,DESA
PDS-20494,DESA
PDS-20497,DESA
PDS-20501,DESA
PDS-20502,DESA
PDS-20505,DESA
PDS-20509,DESA
PDS-20510,DESA
PDS-20528,DESA
PDS-20531,DESA
PDS-20535,KELURAHAN
PDS-20537,DESA
PDS-20539,DESA
PDS-20545,DESA
PDS-20551,DESA
PDS-20560,DESA
PDS-20562,DESA
PDS-20563,DESA
PDS-20564,DESA
PDS-20568,DESA
PDS-20571,DESA
PDS-20582,DESA
PDS-20584,DESA
PDS-20585,DESA
PDS-20588,DESA
PDS-20591,DESA
PDS-20596,DESA
PDS-20599,DESA
PDS-20603,DESA
PDS-20608,DESA
PDS-20610,KELURAHAN
PDS-20612,DESA
PDS-20617,DESA
PDS-20619,DESA
PDS-20621,DESA
PDS-20627,DESA
PDS-20634,DESA
PDS-20636,DESA
PDS-20643,DESA
PDS-20644,DESA
PDS-20645,DESA
PDS-20646,DESA
PDS-20653,DESA
PDS-20661,DESA
PDS-20663,DESA
PDS-20667,DESA
PDS-20670,DESA
PDS-20671,DESA
PDS-20674,DESA
PDS-20678,DESA
PDS-20692,KELURAHAN
PDS-20696,DESA
PDS-20701,DESA
PDS-20703,DESA
PDS-20715,DESA
PDS-20725,DESA
PDS-20734,DESA
PDS-20741,DESA
PDS-20749,DESA
PDS-20754,DESA
PDS-20765,DESA
PDS-20769,DESA
PDS-20773,KELURAHAN
PDS-20784,DESA
PDS-20787,DESA
PDS-20790,DESA
PDS-20793,DESA
PDS-20798,DESA
PDS-20807,DESA
PDS-20809,DESA
PDS-20810,DESA
PDS-20811,DESA
PDS-20816,DESA
PDS-20818,DESA
PDS-20820,DESA
PDS-20830,DESA
PDS-20841,DESA
PDS-20853,DESA
PDS-20857,DESA
PDS-20858,DESA
PDS-20867,DESA
PDS-20873,DESA
PDS-20876,DESA
PDS-20877,KELURAHAN
PDS-20878,KELURAHAN
PDS-20879,KELURAHAN
PDS-20881,DESA
PDS-20889,DESA
PDS-20908,DESA
PDS-20909,DESA
PDS-20915,DESA
PDS-20917,DESA
PDS-20932,DESA
PDS-20933,DESA
PDS-20937,DESA
PDS-20940,DESA
PDS-20943,DESA
PDS-20954,KELURAHAN
PDS-20955,DESA
PDS-20961,DESA
PDS-20962,DESA
PDS-20963,DESA
PDS-20964,DESA
PDS-20970,DESA
PDS-20976,DESA
PDS-20977,DESA
PDS-20980,DESA
PDS-20981,DESA
PDS-20988,DESA
PDS-21009,DESA
PDS-21013,DESA
PDS-21021,DESA
PDS-21022,KELURAHAN
PDS-21031,DESA
PDS-21037,DESA
PDS-21039,DESA
PDS-21043,DESA
PDS-21063,KELURAHAN
PDS-21076,DESA
PDS-21084,DESA
PDS-21090,KELURAHAN
PDS-21095,DESA
PDS-21104,DESA
PDS-21108,KELURAHAN
PDS-21117,DESA
PDS-21122,DESA
PDS-21126,KELURAHAN
PDS-21137,KELURAHAN
PDS-21139,DESA
PDS-21142,DESA
PDS-21163,DESA
PDS-21165,DESA
PDS-21166,DESA
PDS-21169,DESA
PDS-21173,DESA
PDS-21175,DESA
PDS-21177,DESA
PDS-21180,DESA
PDS-21181,KELURAHAN
PDS-21185,DESA
PDS-21196,DESA
PDS-21200,DESA
PDS-21205,DESA
PDS-21218,DESA
PDS-21224,DESA
PDS-21234,DESA
PDS-21244,KELURAHAN
PDS-21254,KELURAHAN
PDS-21260,DESA
PDS-21261,DESA
PDS-21272,DESA
PDS-21273,DESA
PDS-21278,DESA
PDS-21282,DESA
PDS-21289,DESA
PDS-21290,KELURAHAN
PDS-21293,DESA
PDS-21294,DESA
PDS-21296,KELURAHAN
PDS-21301,DESA
PDS-21311,DESA
PDS-21313,DESA
PDS-21316,KELURAHAN
PDS-21326,DESA
PDS-21331,DESA
PDS-21343,KELURAHAN
PDS-21351,DESA
PDS-21353,DESA
PDS-21358,DESA
PDS-21361,DESA
PDS-21362,DESA
PDS-21363,DESA
PDS-21364,DESA
PDS-21365,DESA
PDS-21369,DESA
PDS-21385,DESA
PDS-21386,DESA
PDS-21387,DESA
PDS-21390,DESA
PDS-21401,DESA
PDS-21410,KELURAHAN
PDS-21416,KELURAHAN
PDS-21417,DESA
PDS-21422,DESA
PDS-21428,DESA
PDS-21432,DESA
PDS-21437,DESA
PDS-21442,DESA
PDS-21448,DESA
PDS-21453,DESA
PDS-21457,DESA
PDS-21468,DESA
PDS-21470,DESA
PDS-21471,KELURAHAN
PDS-21473,DESA
PDS-21478,DESA
PDS-21485,KELURAHAN
PDS-21486,DESA
PDS-21493,DESA
PDS-21494,DESA
PDS-21495,DESA
PDS-21500,DESA
PDS-21501,KELURAHAN
PDS-21509,KELURAHAN
PDS-21511,DESA
PDS-21519,DESA
PDS-21521,DESA
PDS-21526,DESA
PDS-21527,DESA
PDS-21535,DESA
PDS-21536,KELURAHAN
PDS-21539,DESA
PDS-21540,KELURAHAN
PDS-21542,DESA
PDS-21543,KELURAHAN
PDS-21545,KELURAHAN
PDS-21546,DESA
PDS-21548,KELURAHAN
PDS-21551,DESA
PDS-21557,KELURAHAN
PDS-21560,DESA
PDS-21563,DESA
PDS-21564,DESA
PDS-21567,DESA
PDS-21573,DESA
PDS-21574,DESA
PDS-21576,DESA
PDS-21584,DESA
PDS-21588,DESA
PDS-21592,DESA
PDS-21593,KELURAHAN
PDS-21607,DESA
PDS-21613,DESA
PDS-21617,DESA
PDS-21622,DESA
PDS-21627,KELURAHAN
PDS-21628,DESA
PDS-21633,KELURAHAN
PDS-21634,DESA
PDS-21637,DESA
PDS-21665,DESA
PDS-21676,DESA
PDS-21678,DESA
PDS-21690,DESA
PDS-21699,DESA
PDS-21700,KELURAHAN
PDS-21709,DESA
PDS-21726,DESA
PDS-21727,DESA
PDS-21728,DESA
PDS-21729,DESA
PDS-21731,DESA
PDS-21733,DESA
PDS-21737,DESA
PDS-21741,DESA
PDS-21753,DESA
PDS-21755,DESA
PDS-21756,DESA
PDS-21768,DESA
PDS-21772,DESA
PDS-21777,DESA
PDS-21778,DESA
PDS-21779,DESA
PDS-21786,DESA
PDS-21787,DESA
PDS-21793,DESA
PDS-21798,DESA
PDS-21799,DESA
PDS-21800,DESA
PDS-21801,DESA
PDS-21805,DESA
PDS-21818,DESA
PDS-21825,DESA
PDS-21826,DESA
PDS-21828,DESA
PDS-21830,KELURAHAN
PDS-21834,DESA
PDS-21835,DESA
PDS-21844,DESA
PDS-21848,DESA
PDS-21853,DESA
PDS-21856,DESA
PDS-21857,DESA
PDS-21863,DESA
PDS-21871,DESA
PDS-21875,DESA
PDS-21888,DESA
PDS-21904,KELURAHAN
PDS-21910,KELURAHAN
PDS-21917,DESA
PDS-21919,DESA
PDS-21920,DESA
PDS-21924,DESA
PDS-21926,DESA
PDS-21928,KELURAHAN
PDS-21932,DESA
PDS-21933,DESA
PDS-21937,DESA
PDS-21946,DESA
PDS-21950,DESA
PDS-21952,DESA
PDS-21954,KELURAHAN
PDS-21960,DESA
PDS-21963,DESA
PDS-21970,DESA
PDS-21973,DESA
PDS-21975,KELURAHAN
PDS-21976,DESA
PDS-21977,DESA
PDS-21981,DESA
PDS-21986,DESA
PDS-21988,DESA
PDS-21989,KELURAHAN
PDS-21992,DESA
PDS-22003,DESA
PDS-22004,DESA
PDS-22009,KELURAHAN
PDS-22010,DESA
PDS-22011,DESA
PDS-22016,DESA
PDS-22017,KELURAHAN
PDS-22022,DESA
PDS-22043,DESA
PDS-22056,DESA
PDS-22060,DESA
PDS-22066,DESA
PDS-22075,DESA
PDS-22076,KELURAHAN
PDS-22078,DESA
PDS-22084,DESA
PDS-22104,DESA
PDS-22109,DESA
PDS-22117,KELURAHAN
PDS-22119,DESA
PDS-22127,DESA
PDS-22138,DESA
PDS-22145,KELURAHAN
PDS-22150,DESA
PDS-22151,DESA
PDS-22162,DESA
PDS-22169,DESA
PDS-22175,KELURAHAN
PDS-22181,DESA
PDS-22188,KELURAHAN
PDS-22195,DESA
PDS-22196,KELURAHAN
PDS-22215,KELURAHAN
PDS-22217,DESA
PDS-22221,DESA
PDS-22224,DESA
PDS-22239,DESA
PDS-22245,DESA
PDS-22246,DESA
PDS-22249,DESA
PDS-22262,DESA
PDS-22263,DESA
PDS-22264,DESA
PDS-22268,DESA
PDS-22272,DESA
PDS-22280,DESA
PDS-22282,DESA
PDS-22283,KELURAHAN
PDS-22294,DESA
PDS-22298,DESA
PDS-22300,DESA
PDS-22302,DESA
PDS-22304,DESA
PDS-22315,DESA
PDS-22316,DESA
PDS-22332,DESA
PDS-22339,DESA
PDS-22347,DESA
PDS-22351,DESA
PDS-22352,DESA
PDS-22356,DESA
PDS-22360,DESA
PDS-22361,DESA
PDS-22362,DESA
PDS-22371,DESA
PDS-22376,DESA
PDS-22380,DESA
PDS-22381,DESA
PDS-22387,DESA
PDS-22392,DESA
PDS-22393,DESA
PDS-22395,DESA
PDS-22397,DESA
PDS-22400,DESA
PDS-22401,DESA
PDS-22404,DESA
PDS-22409,DESA
PDS-22413,DESA
PDS-22416,DESA
PDS-22420,DESA
PDS-22421,DESA
PDS-22423,DESA
PDS-22432,DESA
PDS-22436,DESA
PDS-22437,DESA
PDS-22440,DESA
PDS-22442,DESA
PDS-22444,DESA
PDS-22463,KELURAHAN
PDS-22464,DESA
PDS-22474,DESA
PDS-22482,DESA
PDS-22484,DESA
PDS-22489,DESA
PDS-22497,DESA
PDS-22500,DESA
PDS-22502,DESA
PDS-22506,DESA
PDS-22517,DESA
PDS-22521,DESA
PDS-22529,DESA
PDS-22531,DESA
PDS-22535,DESA
PDS-22538,DESA
PDS-22540,DESA
PDS-22547,DESA
PDS-22548,DESA
PDS-22549,DESA
PDS-22551,DESA
PDS-22557,DESA
PDS-22570,DESA
PDS-22575,KELURAHAN
PDS-22582,DESA
PDS-22593,DESA
PDS-22597,DESA
PDS-22611,DESA
PDS-22613,DESA
PDS-22615,DESA
PDS-22619,DESA
PDS-22620,DESA
PDS-22621,DESA
PDS-22626,KELURAHAN
PDS-22627,DESA
PDS-22630,DESA
PDS-22638,DESA
PDS-22639,DESA
PDS-22642,DESA
PDS-22655,DESA
PDS-22658,DESA
PDS-22663,DESA
PDS-22669,DESA
PDS-22672,DESA
PDS-22678,DESA
PDS-22684,DESA
PDS-22688,DESA
PDS-22690,DESA
PDS-22696,DESA
PDS-22697,DESA
PDS-22699,DESA
PDS-22701,KELURAHAN
PDS-22702,DESA
PDS-22705,KELURAHAN
PDS-22709,DESA
PDS-22711,DESA
PDS-22712,KELURAHAN
PDS-22713,DESA
PDS-22736,DESA
PDS-22738,DESA
PDS-22752,DESA
PDS-22753,DESA
PDS-22769,DESA
PDS-22781,DESA
PDS-22787,DESA
PDS-22798,DESA
PDS-22807,DESA
PDS-22808,DESA
PDS-22821,DESA
PDS-22824,DESA
PDS-22825,DESA
PDS-22831,DESA
PDS-22841,DESA
PDS-22842,DESA
PDS-22843,KELURAHAN
PDS-22850,DESA
PDS-22851,DESA
PDS-22852,DESA
PDS-22858,DESA
PDS-22861,DESA
PDS-22862,DESA
PDS-22866,DESA
PDS-22868,KELURAHAN
PDS-22869,DESA
PDS-22872,DESA
PDS-22874,DESA
PDS-22875,DESA
PDS-22878,DESA
PDS-22881,DESA
PDS-22883,DESA
PDS-22891,DESA
PDS-22894,DESA
PDS-22912,DESA
PDS-22913,DESA
PDS-22919,DESA
PDS-22926,KELURAHAN
PDS-22929,KELURAHAN
PDS-22933,DESA
PDS-22939,DESA
PDS-22944,DESA
PDS-22948,DESA
PDS-22954,KELURAHAN
PDS-22964,DESA
PDS-22969,DESA
PDS-22970,DESA
PDS-22981,KELURAHAN
PDS-22985,DESA
PDS-22989,DESA
PDS-22994,KELURAHAN
PDS-22997,DESA
PDS-22999,DESA
PDS-23002,DESA
PDS-23004,DESA
PDS-23013,DESA
PDS-23015,KELURAHAN
PDS-23018,DESA
PDS-23019,DESA
PDS-23020,KELURAHAN
PDS-23023,DESA
PDS-23028,KELURAHAN
PDS-23029,DESA
PDS-23030,KELURAHAN
PDS-23035,DESA
PDS-23041,DESA
PDS-23050,KELURAHAN
PDS-23051,DESA
PDS-23052,DESA
PDS-23053,DESA
PDS-23062,DESA
PDS-23066,KELURAHAN
PDS-23079,KELURAHAN
PDS-23089,DESA
PDS-23094,DESA
PDS-23100,DESA
PDS-23101,DESA
PDS-23102,DESA
PDS-23104,DESA
PDS-23109,DESA
PDS-23117,KELURAHAN
PDS-23119,DESA
PDS-23121,DESA
PDS-23133,DESA
PDS-23149,DESA
PDS-23151,KELURAHAN
PDS-23153,DESA
PDS-23160,DESA
PDS-23162,DESA
PDS-23164,KELURAHAN
PDS-23179,DESA
PDS-23181,KELURAHAN
PDS-23191,DESA
PDS-23194,DESA
PDS-23204,DESA
PDS-23214,DESA
PDS-23215,DESA
PDS-23220,DESA
PDS-23222,DESA
PDS-23228,DESA
PDS-23235,KELURAHAN
PDS-23237,DESA
PDS-23248,DESA
PDS-23256,DESA
PDS-23262,DESA
PDS-23264,KELURAHAN
PDS-23265,DESA
PDS-23266,DESA
PDS-23268,DESA
PDS-23273,DESA
PDS-23275,DESA
PDS-23276,DESA
PDS-23277,DESA
PDS-23279,DESA
PDS-23289,DESA
PDS-23290,DESA
PDS-23299,DESA
PDS-23301,KELURAHAN
PDS-23310,DESA
PDS-23319,DESA
PDS-23320,DESA
PDS-23322,DESA
PDS-23323,KELURAHAN
PDS-23326,KELURAHAN
PDS-23329,DESA
PDS-23331,DESA
PDS-23334,DESA
PDS-23344,DESA
PDS-23351,KELURAHAN
PDS-23353,KELURAHAN
PDS-23355,DESA
PDS-23356,DESA
PDS-23365,DESA
PDS-23366,DESA
PDS-23371,DESA
PDS-23387,DESA
PDS-23389,DESA
PDS-23394,DESA
PDS-23398,DESA
PDS-23400,KELURAHAN
PDS-23405,DESA
PDS-23410,KELURAHAN
PDS-23411,DESA
PDS-23412,DESA
PDS-23413,DESA
PDS-23420,DESA
PDS-23422,KELURAHAN
PDS-23424,DESA
PDS-23426,DESA
PDS-23430,DESA
PDS-23449,DESA
PDS-23450,DESA
PDS-23453,DESA
PDS-23457,KELURAHAN
PDS-23459,KELURAHAN
PDS-23470,DESA
PDS-23479,DESA
PDS-23483,DESA
PDS-23484,DESA
PDS-23486,DESA
PDS-23487,DESA
PDS-23494,DESA
PDS-23496,DESA
PDS-23497,DESA
PDS-23499,DESA
PDS-23503,DESA
PDS-23505,DESA
PDS-23509,DESA
PDS-23510,DESA
PDS-23511,DESA
PDS-23513,DESA
PDS-23523,DESA
PDS-23525,DESA
PDS-23526,DESA
PDS-23528,DESA
PDS-23529,DESA
PDS-23537,DESA
PDS-23539,DESA
PDS-23541,DESA
PDS-23549,DESA
PDS-23558,DESA
PDS-23562,DESA
PDS-23569,DESA
PDS-23571,DESA
PDS-23575,DESA
PDS-23576,DESA
PDS-23577,DESA
PDS-23579,DESA
PDS-23598,DESA
PDS-23599,DESA
PDS-23600,DESA
PDS-23605,DESA
PDS-23606,DESA
PDS-23616,DESA
PDS-23621,DESA
PDS-23625,DESA
PDS-23626,KELURAHAN
PDS-23627,DESA
PDS-23630,DESA
PDS-23635,DESA
PDS-23636,KELURAHAN
PDS-23646,DESA
PDS-23651,DESA
PDS-23655,KELURAHAN
PDS-23658,DESA
PDS-23665,DESA
PDS-23685,DESA
PDS-23696,DESA
PDS-23711,DESA
PDS-23712,DESA
PDS-23715,DESA
PDS-23724,DESA
PDS-23727,KELURAHAN
PDS-23731,DESA
PDS-23739,DESA
PDS-23743,DESA
PDS-23753,DESA
PDS-23758,KELURAHAN
PDS-23763,DESA
PDS-23769,DESA
PDS-23770,DESA
PDS-23776,DESA
PDS-23777,DESA
PDS-23780,DESA
PDS-23785,DESA
PDS-23789,DESA
PDS-23793,DESA
PDS-23794,DESA
PDS-23795,DESA
PDS-23803,KELURAHAN
PDS-23804,DESA
PDS-23805,DESA
PDS-23806,DESA
PDS-23810,DESA
PDS-23812,DESA
PDS-23834,DESA
PDS-23849,KELURAHAN
PDS-23859,DESA
PDS-23861,DESA
PDS-23863,DESA
PDS-23866,DESA
PDS-23874,KELURAHAN
PDS-23894,DESA
PDS-23895,KELURAHAN
PDS-23898,DESA
PDS-23902,DESA
PDS-23903,DESA
PDS-23906,KELURAHAN
PDS-23907,DESA
PDS-23916,DESA
PDS-23918,DESA
PDS-23919,DESA
PDS-23922,DESA
PDS-23931,KELURAHAN
PDS-23933,DESA
PDS-23936,DESA
PDS-23937,DESA
PDS-23939,DESA
PDS-23940,DESA
PDS-23945,DESA
PDS-23947,DESA
PDS-23950,DESA
PDS-23955,DESA
PDS-23960,DESA
PDS-23961,DESA
PDS-23964,DESA
PDS-23965,DESA
PDS-23972,DESA
PDS-23973,DESA
PDS-23976,DESA
PDS-23977,DESA
PDS-23980,KELURAHAN
PDS-23984,DESA
PDS-23987,KELURAHAN
PDS-23989,KELURAHAN
PDS-23991,KELURAHAN
PDS-24005,DESA
PDS-24006,KELURAHAN
PDS-24014,DESA
PDS-24019,DESA
PDS-24020,DESA
PDS-24026,DESA
PDS-24030,DESA
PDS-24031,DESA
PDS-24033,DESA
PDS-24039,DESA
PDS-24045,DESA
PDS-24052,DESA
PDS-24053,DESA
PDS-24055,DESA
PDS-24058,DESA
PDS-24067,DESA
PDS-24068,DESA
PDS-24072,DESA
PDS-24076,KELURAHAN
PDS-24081,DESA
PDS-24092,DESA
PDS-24093,DESA
PDS-24096,DESA
PDS-24099,DESA
PDS-24100,DESA
PDS-24102,DESA
PDS-24103,DESA
PDS-24106,DESA
PDS-24108,DESA
PDS-24109,DESA
PDS-24112,DESA
PDS-24113,DESA
PDS-24115,DESA
PDS-24117,DESA
PDS-24119,DESA
PDS-24121,KELURAHAN
PDS-24131,DESA
PDS-24138,DESA
PDS-24150,DESA
PDS-24151,KELURAHAN
PDS-24169,KELURAHAN
PDS-24171,DESA
PDS-24177,DESA
PDS-24178,DESA
PDS-24182,DESA
PDS-24186,DESA
PDS-24191,DESA
PDS-24193,DESA
PDS-24194,DESA
PDS-24200,DESA
PDS-24201,DESA
PDS-24208,KELURAHAN
PDS-24212,DESA
PDS-24213,DESA
PDS-24215,DESA
PDS-24216,DESA
PDS-24218,DESA
PDS-24230,DESA
PDS-24231,DESA
PDS-24234,DESA
PDS-24243,DESA
PDS-24245,DESA
PDS-24251,KELURAHAN
PDS-24254,DESA
PDS-24261,DESA
PDS-24262,DESA
PDS-24263,DESA
PDS-24264,KELURAHAN
PDS-24276,DESA
PDS-24277,DESA
PDS-24280,DESA
PDS-24286,DESA
PDS-24292,DESA
PDS-24297,DESA
PDS-24301,DESA
PDS-24311,DESA
PDS-24324,DESA
PDS-24329,DESA
PDS-24337,KELURAHAN
PDS-24341,KELURAHAN
PDS-24348,DESA
PDS-24349,DESA
PDS-24350,DESA
PDS-24353,DESA
PDS-24354,DESA
PDS-24360,KELURAHAN
PDS-24376,DESA
PDS-24377,DESA
PDS-24379,DESA
PDS-24389,DESA
PDS-24391,DESA
PDS-24395,DESA
PDS-24400,DESA
PDS-24411,DESA
PDS-24414,DESA
PDS-24426,DESA
PDS-24428,DESA
PDS-24430,DESA
PDS-24442,DESA
PDS-24443,DESA
PDS-24448,KELURAHAN
PDS-24454,DESA
PDS-24459,KELURAHAN
PDS-24467,KELURAHAN
PDS-24468,DESA
PDS-24485,DESA
PDS-24492,DESA
PDS-24503,DESA
PDS-24505,DESA
PDS-24511,DESA
PDS-24512,DESA
PDS-24519,KELURAHAN
PDS-24520,DESA
PDS-24524,DESA
PDS-24526,DESA
PDS-24536,DESA
PDS-24539,DESA
PDS-24546,DESA
PDS-24547,DESA
PDS-24549,DESA
PDS-24551,DESA
PDS-24556,DESA
PDS-24558,DESA
PDS-24559,DESA
PDS-24561,DESA
PDS-24562,DESA
PDS-24568,DESA
PDS-24571,DESA
PDS-24578,DESA
PDS-24580,DESA
PDS-24593,KELURAHAN
PDS-24595,DESA
PDS-24603,DESA
PDS-24607,DESA
PDS-24623,DESA
PDS-24628,DESA
PDS-24636,DESA
PDS-24645,DESA
PDS-24646,DESA
PDS-24649,DESA
PDS-24652,DESA
PDS-24653,DESA
PDS-24654,KELURAHAN
PDS-24656,DESA
PDS-24657,DESA
PDS-24667,KELURAHAN
PDS-24675,DESA
PDS-24677,DESA
PDS-24681,DESA
PDS-24689,DESA
PDS-24691,DESA
PDS-24698,DESA
PDS-24701,DESA
PDS-24703,DESA
PDS-24704,DESA
PDS-24713,DESA
PDS-24716,DESA
PDS-24737,DESA
PDS-24744,DESA
PDS-24745,DESA
PDS-24751,KELURAHAN
PDS-24756,DESA
PDS-24760,DESA
PDS-24761,DESA
PDS-24762,DESA
PDS-24770,DESA
PDS-24781,DESA
PDS-24802,KELURAHAN
PDS-24804,DESA
PDS-24805,DESA
PDS-24811,DESA
PDS-24813,DESA
PDS-24816,DESA
PDS-24817,DESA
PDS-24823,KELURAHAN
PDS-24825,DESA
PDS-24827,DESA
PDS-24830,DESA
PDS-24838,DESA
PDS-24839,DESA
PDS-24840,DESA
PDS-24853,DESA
PDS-24860,DESA
PDS-24866,DESA
PDS-24878,KELURAHAN
PDS-24881,DESA
PDS-24882,DESA
PDS-24888,DESA
PDS-24889,KELURAHAN
PDS-24892,DESA
PDS-24893,DESA
PDS-24905,DESA
PDS-24907,DESA
PDS-24908,DESA
PDS-24918,DESA
PDS-24924,DESA
PDS-24930,DESA
PDS-24932,DESA
PDS-24937,DESA
PDS-24942,DESA
PDS-24944,KELURAHAN
PDS-24945,DESA
PDS-24955,KELURAHAN
PDS-24959,KELURAHAN
PDS-24966,DESA
PDS-24969,DESA
PDS-24972,DESA
PDS-24973,DESA
PDS-24983,DESA
PDS-24984,KELURAHAN
PDS-24994,KELURAHAN
PDS-24997,DESA
PDS-24998,DESA
PDS-25003,KELURAHAN
PDS-25007,DESA
PDS-25014,DESA
PDS-25015,DESA
PDS-25020,DESA
PDS-25024,DESA
PDS-25028,KELURAHAN
PDS-25038,DESA
PDS-25051,DESA
PDS-25055,DESA
PDS-25067,DESA
PDS-25069,DESA
PDS-25070,DESA
PDS-25078,DESA
PDS-25083,DESA
PDS-25088,KELURAHAN
PDS-25095,DESA
PDS-25097,DESA
PDS-25117,DESA
PDS-25120,DESA
PDS-25121,DESA
PDS-25122,KELURAHAN
PDS-25126,DESA
PDS-25128,DESA
PDS-25130,DESA
PDS-25138,KELURAHAN
PDS-25139,KELURAHAN
PDS-25142,DESA
PDS-25143,DESA
PDS-25144,DESA
PDS-25145,DESA
PDS-25148,DESA
PDS-25155,DESA
PDS-25160,DESA
PDS-25163,DESA
PDS-25169,DESA
PDS-25171,DESA
PDS-25181,DESA
PDS-25186,DESA
PDS-25190,DESA
PDS-25194,DESA
PDS-25197,DESA
PDS-25198,DESA
PDS-25199,DESA
PDS-25209,DESA
PDS-25210,DESA
PDS-25218,DESA
PDS-25222,KELURAHAN
PDS-25223,DESA
PDS-25236,DESA
PDS-25242,KELURAHAN
PDS-25245,DESA
PDS-25246,KELURAHAN
PDS-25247,DESA
PDS-25248,KELURAHAN
PDS-25250,DESA
PDS-25251,DESA
PDS-25252,DESA
PDS-25259,DESA
PDS-25266,DESA
PDS-25268,DESA
