id,status
PDS-0010,
PDS-0012,
PDS-0014,
PDS-0017,
PDS-0025,
PDS-0026,
PDS-0041,
PDS-0054,
PDS-0056,
PDS-0061,
PDS-0068,
PDS-0078,
PDS-0083,
PDS-0087,
PDS-0090,
PDS-0098,
PDS-0106,
PDS-0113,
PDS-0118,
PDS-0126,
PDS-0127,
PDS-0137,
PDS-0139,
PDS-0142,
PDS-0146,
PDS-0149,
PDS-0153,
PDS-0154,
PDS-0156,
PDS-0160,
PDS-0162,
PDS-0163,
PDS-0164,
PDS-0166,
PDS-0167,
PDS-0175,
PDS-0187,
PDS-0188,
PDS-0190,
PDS-0191,
PDS-0193,
PDS-0194,
PDS-0196,
PDS-0198,
PDS-0202,
PDS-0203,
PDS-0204,
PDS-0205,
PDS-0207,
PDS-0208,
PDS-0214,
PDS-0216,
PDS-0227,
PDS-0235,
PDS-0236,
PDS-0237,
PDS-0239,
PDS-0259,
PDS-0270,
PDS-0272,
PDS-0277,
PDS-0282,
PDS-0283,
PDS-0295,
PDS-0302,
PDS-0303,
PDS-0315,
PDS-0337,
PDS-0339,
PDS-0341,
PDS-0343,
PDS-0353,
PDS-0359,
PDS-0363,
PDS-0365,
PDS-0366,
PDS-0375,
PDS-0385,
PDS-0387,
PDS-0390,
PDS-0392,
PDS-0393,
PDS-0405,
PDS-0407,
PDS-0413,
PDS-0418,
PDS-0420,
PDS-0437,
PDS-0442,
PDS-0443,
PDS-0447,
PDS-0459,
PDS-0476,
PDS-0482,
PDS-0489,
PDS-0490,
PDS-0493,
PDS-0503,
PDS-0505,
PDS-0509,
PDS-0515,
PDS-0523,
PDS-0526,
PDS-0527,
PDS-0530,
PDS-0540,
PDS-0542,
PDS-0546,
PDS-0553,
PDS-0558,
PDS-0561,
PDS-0570,
PDS-0571,
PDS-0572,
PDS-0573,
PDS-0588,
PDS-0594,
PDS-0598,
PDS-0613,
PDS-0615,
PDS-0620,
PDS-0629,
PDS-0630,
PDS-0631,
PDS-0633,
PDS-0635,
PDS-0646,
PDS-0651,
PDS-0662,
PDS-0664,
PDS-0667,
PDS-0668,
PDS-0671,
PDS-0672,
PDS-0681,
PDS-0686,
PDS-0688,
PDS-0690,
PDS-0691,
PDS-0699,
PDS-0700,
PDS-0718,
PDS-0720,
PDS-0722,
PDS-0727,
PDS-0729,
PDS-0768,
PDS-0769,
PDS-0770,
PDS-0772,
PDS-0779,
PDS-0781,
PDS-0782,
PDS-0785,
PDS-0786,
PDS-0794,
PDS-0805,
PDS-0807,
PDS-0815,
PDS-0817,
PDS-0823,
PDS-0824,
PDS-0828,
PDS-0831,
PDS-0846,
PDS-0847,
PDS-0852,
PDS-0854,
PDS-0855,
PDS-0856,
PDS-0858,
PDS-0860,
PDS-0861,
PDS-0862,
PDS-0870,
PDS-0871,
PDS-0877,
PDS-0883,
PDS-0888,
PDS-0893,
PDS-0895,
PDS-0898,
PDS-0900,
PDS-0911,
PDS-0918,
PDS-0920,
PDS-0923,
PDS-0924,
PDS-0930,
PDS-0936,
PDS-0952,
PDS-0955,
PDS-0956,
PDS-0957,
PDS-0969,
PDS-0975,
PDS-0988,
PDS-0989,
PDS-0996,
PDS-1000,
PDS-1001,
PDS-1008,
PDS-1014,
PDS-1015,
PDS-1016,
PDS-1017,
PDS-1020,
PDS-1022,
PDS-1059,
PDS-1060,
PDS-1061,
PDS-1063,
PDS-1073,
PDS-1081,
PDS-1082,
PDS-1089,
PDS-1090,
PDS-1094,
PDS-1099,
PDS-1103,
PDS-1105,
PDS-1106,
PDS-1117,
PDS-1118,
PDS-1121,
PDS-1126,
PDS-1133,
PDS-1135,
PDS-1137,
PDS-1138,
PDS-1141,
PDS-1142,
PDS-1151,
PDS-1152,
PDS-1155,
PDS-1166,
PDS-1168,
PDS-1170,
PDS-1172,
PDS-1178,
PDS-1197,
PDS-1201,
PDS-1208,
PDS-1215,
PDS-1219,
PDS-1229,
PDS-1230,
PDS-1231,
PDS-1240,
PDS-1241,
PDS-1249,
PDS-1253,
PDS-1263,
PDS-1268,
PDS-1272,
PDS-1280,
PDS-1284,
PDS-1287,
PDS-1290,
PDS-1297,
PDS-1301,
PDS-1305,
PDS-1307,
PDS-1308,
PDS-1313,
PDS-1317,
PDS-1320,
PDS-1325,
PDS-1342,
PDS-1343,
PDS-1354,
PDS-1362,
PDS-1364,
PDS-1368,
PDS-1377,
PDS-1379,
PDS-1381,
PDS-1382,
PDS-1383,
PDS-1390,
PDS-1402,
PDS-1404,
PDS-1410,
PDS-1425,
PDS-1429,
PDS-1432,
PDS-1436,
PDS-1446,
PDS-1448,
PDS-1461,
PDS-1482,
PDS-1493,
PDS-1501,
PDS-1518,
PDS-1519,
PDS-1520,
PDS-1525,
PDS-1530,
PDS-1532,
PDS-1539,
PDS-1543,
PDS-1547,
PDS-1550,
PDS-1552,
PDS-1557,
PDS-1561,
PDS-1582,
PDS-1586,
PDS-1590,
PDS-1592,
PDS-1606,
PDS-1608,
PDS-1620,
PDS-1623,
PDS-1626,
PDS-1628,
PDS-1629,
PDS-1630,
PDS-1631,
PDS-1634,
PDS-1637,
PDS-1638,
PDS-1639,
PDS-1646,
PDS-1647,
PDS-1652,
PDS-1668,
PDS-1674,
PDS-1679,
PDS-1680,
PDS-1683,
PDS-1686,
PDS-1696,
PDS-1697,
PDS-1701,
PDS-1709,
PDS-1718,
PDS-1725,
PDS-1728,
PDS-1734,
PDS-1735,
PDS-1736,
PDS-1743,
PDS-1751,
PDS-1754,
PDS-1757,
PDS-1758,
PDS-1760,
PDS-1762,
PDS-1763,
PDS-1764,
PDS-1773,
PDS-1775,
PDS-1779,
PDS-1793,
PDS-1799,
PDS-1803,
PDS-1807,
PDS-1811,
PDS-1814,
PDS-1817,
PDS-1820,
PDS-1824,
PDS-1827,
PDS-1829,
PDS-1843,
PDS-1849,
PDS-1853,
PDS-1855,
PDS-1856,
PDS-1857,
PDS-1864,
PDS-1869,
PDS-1876,
PDS-1882,
PDS-1893,
PDS-1896,
PDS-1899,
PDS-1900,
PDS-1907,
PDS-1908,
PDS-1909,
PDS-1914,
PDS-1915,
PDS-1918,
PDS-1921,
PDS-1926,
PDS-1931,
PDS-1932,
PDS-1933,
PDS-1934,
PDS-1937,
PDS-1940,
PDS-1943,
PDS-1949,
PDS-1959,
PDS-1961,
PDS-1970,
PDS-1971,
PDS-1975,
PDS-1981,
PDS-1987,
PDS-1989,
PDS-1991,
PDS-1994,
PDS-1999,
PDS-2006,
PDS-2008,
PDS-2012,
PDS-2015,
PDS-2024,
PDS-2028,
PDS-2033,
PDS-2034,
PDS-2045,
PDS-2049,
PDS-2050,
PDS-2051,
PDS-2065,
PDS-2072,
PDS-2080,
PDS-2083,
PDS-2093,
PDS-2094,
PDS-2097,
PDS-2098,
PDS-2101,
PDS-2104,
PDS-2105,
PDS-2106,
PDS-2107,
PDS-2114,
PDS-2117,
PDS-2121,
PDS-2126,
PDS-2138,
PDS-2140,
PDS-2144,
PDS-2152,
PDS-2159,
PDS-2160,
PDS-2170,
PDS-2177,
PDS-2180,
PDS-2188,
PDS-2191,
PDS-2193,
PDS-2194,
PDS-2197,
PDS-2199,
PDS-2201,
PDS-2205,
PDS-2218,
PDS-2220,
PDS-2225,
PDS-2231,
PDS-2243,
PDS-2244,
PDS-2258,
PDS-2262,
PDS-2279,
PDS-2283,
PDS-2286,
PDS-2290,
PDS-2293,
PDS-2295,
PDS-2296,
PDS-2308,
PDS-2328,
PDS-2331,
PDS-2337,
PDS-2344,
PDS-2353,
PDS-2354,
PDS-2357,
PDS-2366,
PDS-2369,
PDS-2377,
PDS-2379,
PDS-2383,
PDS-2385,
PDS-2386,
PDS-2397,
PDS-2412,
PDS-2422,
PDS-2425,
PDS-2427,
PDS-2428,
PDS-2429,
PDS-2431,
PDS-2434,
PDS-2438,
PDS-2441,
PDS-2444,
PDS-2452,
PDS-2455,
PDS-2462,
PDS-2469,
PDS-2470,
PDS-2473,
PDS-2476,
PDS-2480,
PDS-2483,
PDS-2490,
PDS-2491,
PDS-2492,
PDS-2495,
PDS-2503,
PDS-2521,
PDS-2525,
PDS-2531,
PDS-2536,
PDS-2540,
PDS-2552,
PDS-2556,
PDS-2558,
PDS-2564,
PDS-2569,
PDS-2574,
PDS-2582,
PDS-2591,
PDS-2592,
PDS-2598,
PDS-2600,
PDS-2601,
PDS-2611,
PDS-2613,
PDS-2619,
PDS-2633,
PDS-2643,
PDS-2644,
PDS-2659,
PDS-2660,
PDS-2661,
PDS-2666,
PDS-2668,
PDS-2669,
PDS-2675,
PDS-2691,
PDS-2694,
PDS-2696,
PDS-2697,
PDS-2701,
PDS-2709,
PDS-2712,
PDS-2718,
PDS-2720,
PDS-2721,
PDS-2736,
PDS-2739,
PDS-2746,
PDS-2748,
PDS-2750,
PDS-2758,
PDS-2762,
PDS-2764,
PDS-2776,
PDS-2780,
PDS-2781,
PDS-2787,
PDS-2788,
PDS-2801,
PDS-2809,
PDS-2812,
PDS-2818,
PDS-2828,
PDS-2829,
PDS-2833,
PDS-2840,
PDS-2845,
PDS-2850,
PDS-2851,
PDS-2853,
PDS-2855,
PDS-2864,
PDS-2867,
PDS-2870,
PDS-2872,
PDS-2876,
PDS-2891,
PDS-2892,
PDS-2896,
PDS-2912,
PDS-2915,
PDS-2921,
PDS-2943,
PDS-2952,
PDS-2962,
PDS-2963,
PDS-2965,
PDS-2968,
PDS-2970,
PDS-2973,
PDS-2976,
PDS-2984,
PDS-2986,
PDS-2990,
PDS-2995,
PDS-3005,
PDS-3006,
PDS-3010,
PDS-3021,
PDS-3029,
PDS-3041,
PDS-3042,
PDS-3052,
PDS-3053,
PDS-3055,
PDS-3068,
PDS-3073,
PDS-3075,
PDS-3082,
PDS-3084,
PDS-3087,
PDS-3094,
PDS-3104,
PDS-3113,
PDS-3130,
PDS-3135,
PDS-3136,
PDS-3138,
PDS-3142,
PDS-3153,
PDS-3156,
PDS-3164,
PDS-3168,
PDS-3174,
PDS-3179,
PDS-3181,
PDS-3187,
PDS-3192,
PDS-3217,
PDS-3225,
PDS-3226,
PDS-3229,
PDS-3237,
PDS-3250,
PDS-3253,
PDS-3254,
PDS-3256,
PDS-3260,
PDS-3263,
PDS-3267,
PDS-3268,
PDS-3274,
PDS-3279,
PDS-3292,
PDS-3293,
PDS-3295,
PDS-3301,
PDS-3305,
PDS-3307,
PDS-3312,
PDS-3314,
PDS-3322,
PDS-3328,
PDS-3331,
PDS-3343,
PDS-3344,
PDS-3349,
PDS-3357,
PDS-3362,
PDS-3364,
PDS-3369,
PDS-3374,
PDS-3375,
PDS-3381,
PDS-3385,
PDS-3390,
PDS-3391,
PDS-3392,
PDS-3409,
PDS-3415,
PDS-3418,
PDS-3420,
PDS-3421,
PDS-3424,
PDS-3431,
PDS-3436,
PDS-3437,
PDS-3440,
PDS-3441,
PDS-3445,
PDS-3451,
PDS-3453,
PDS-3454,
PDS-3457,
PDS-3472,
PDS-3477,
PDS-3491,
PDS-3501,
PDS-3507,
PDS-3517,
PDS-3522,
PDS-3531,
PDS-3537,
PDS-3552,
PDS-3553,
PDS-3554,
PDS-3555,
PDS-3557,
PDS-3562,
PDS-3565,
PDS-3569,
PDS-3584,
PDS-3587,
PDS-3597,
PDS-3601,
PDS-3607,
PDS-3611,
PDS-3628,
PDS-3630,
PDS-3631,
PDS-3632,
PDS-3637,
PDS-3641,
PDS-3643,
PDS-3645,
PDS-3646,
PDS-3649,
PDS-3655,
PDS-3665,
PDS-3668,
PDS-3677,
PDS-3684,
PDS-3688,
PDS-3697,
PDS-3701,
PDS-3702,
PDS-3710,
PDS-3713,
PDS-3714,
PDS-3717,
PDS-3720,
PDS-3727,
PDS-3728,
PDS-3732,
PDS-3739,
PDS-3742,
PDS-3745,
PDS-3749,
PDS-3751,
PDS-3755,
PDS-3757,
PDS-3761,
PDS-3763,
PDS-3765,
PDS-3766,
PDS-3792,
PDS-3798,
PDS-3803,
PDS-3806,
PDS-3808,
PDS-3809,
PDS-3811,
PDS-3813,
PDS-3815,
PDS-3817,
PDS-3819,
PDS-3826,
PDS-3829,
PDS-3831,
PDS-3833,
PDS-3840,
PDS-3842,
PDS-3850,
PDS-3851,
PDS-3864,
PDS-3865,
PDS-3867,
PDS-3869,
PDS-3872,
PDS-3891,
PDS-3894,
PDS-3901,
PDS-3907,
PDS-3912,
PDS-3914,
PDS-3916,
PDS-3928,
PDS-3936,
PDS-3944,
PDS-3960,
PDS-3968,
PDS-3969,
PDS-3971,
PDS-3973,
PDS-3984,
PDS-3988,
PDS-3999,
PDS-4001,
PDS-4010,
PDS-4015,
PDS-4018,
PDS-4019,
PDS-4021,
PDS-4026,
PDS-4034,
PDS-4080,
PDS-4083,
PDS-4089,
PDS-4091,
PDS-4108,
PDS-4109,
PDS-4110,
PDS-4115,
PDS-4118,
PDS-4132,
PDS-4134,
PDS-4135,
PDS-4136,
PDS-4139,
PDS-4143,
PDS-4146,
PDS-4147,
PDS-4159,
PDS-4165,
PDS-4168,
PDS-4172,
PDS-4173,
PDS-4174,
PDS-4178,
PDS-4189,
PDS-4196,
PDS-4209,
PDS-4213,
PDS-4214,
PDS-4215,
PDS-4233,
PDS-4235,
PDS-4237,
PDS-4244,
PDS-4250,
PDS-4252,
PDS-4256,
PDS-4264,
PDS-4277,
PDS-4284,
PDS-4288,
PDS-4298,
PDS-4301,
PDS-4313,
PDS-4325,
PDS-4331,
PDS-4332,
PDS-4335,
PDS-4347,
PDS-4358,
PDS-4359,
PDS-4361,
PDS-4362,
PDS-4364,
PDS-4371,
PDS-4379,
PDS-4381,
PDS-4390,
PDS-4391,
PDS-4397,
PDS-4407,
PDS-4426,
PDS-4427,
PDS-4431,
PDS-4432,
PDS-4433,
PDS-4435,
PDS-4438,
PDS-4441,
PDS-4444,
PDS-4445,
PDS-4452,
PDS-4453,
PDS-4459,
PDS-4461,
PDS-4466,
PDS-4471,
PDS-4479,
PDS-4482,
PDS-4492,
PDS-4493,
PDS-4494,
PDS-4495,
PDS-4496,
PDS-4498,
PDS-4500,
PDS-4508,
PDS-4518,
PDS-4524,
PDS-4530,
PDS-4532,
PDS-4539,
PDS-4544,
PDS-4545,
PDS-4556,
PDS-4558,
PDS-4560,
PDS-4567,
PDS-4579,
PDS-4584,
PDS-4595,
PDS-4600,
PDS-4612,
PDS-4613,
PDS-4616,
PDS-4617,
PDS-4622,
PDS-4628,
PDS-4629,
PDS-4633,
PDS-4638,
PDS-4643,
PDS-4645,
PDS-4649,
PDS-4651,
PDS-4653,
PDS-4659,
PDS-4663,
PDS-4667,
PDS-4670,
PDS-4671,
PDS-4674,
PDS-4676,
PDS-4698,
PDS-4704,
PDS-4714,
PDS-4720,
PDS-4728,
PDS-4729,
PDS-4730,
PDS-4734,
PDS-4736,
PDS-4737,
PDS-4738,
PDS-4749,
PDS-4758,
PDS-4761,
PDS-4762,
PDS-4770,
PDS-4777,
PDS-4778,
PDS-4781,
PDS-4791,
PDS-4796,
PDS-4797,
PDS-4799,
PDS-4800,
PDS-4805,
PDS-4806,
PDS-4807,
PDS-4810,
PDS-4821,
PDS-4832,
PDS-4836,
PDS-4838,
PDS-4842,
PDS-4847,
PDS-4854,
PDS-4855,
PDS-4856,
PDS-4858,
PDS-4859,
PDS-4874,
PDS-4876,
PDS-4883,
PDS-4887,
PDS-4893,
PDS-4896,
PDS-4911,
PDS-4913,
PDS-4918,
PDS-4921,
PDS-4928,
PDS-4932,
PDS-4934,
PDS-4938,
PDS-4941,
PDS-4944,
PDS-4945,
PDS-4946,
PDS-4947,
PDS-4957,
PDS-4959,
PDS-4965,
PDS-4968,
PDS-4972,
PDS-4977,
PDS-4987,
PDS-4988,
PDS-4995,
PDS-4997,
PDS-4998,
PDS-4999,
PDS-5005,
PDS-5011,
PDS-5017,
PDS-5018,
PDS-5022,
PDS-5030,
PDS-5037,
PDS-5040,
PDS-5052,
PDS-5053,
PDS-5055,
PDS-5056,
PDS-5057,
PDS-5058,
PDS-5074,
PDS-5075,
PDS-5076,
PDS-5079,
PDS-5085,
PDS-5086,
PDS-5094,
PDS-5098,
PDS-5104,
PDS-5105,
PDS-5106,
PDS-5110,
PDS-5111,
PDS-5120,
PDS-5123,
PDS-5125,
PDS-5127,
PDS-5133,
PDS-5137,
PDS-5142,
PDS-5163,
PDS-5178,
PDS-5179,
PDS-5180,
PDS-5186,
PDS-5190,
PDS-5209,
PDS-5214,
PDS-5224,
PDS-5233,
PDS-5234,
PDS-5238,
PDS-5239,
PDS-5241,
PDS-5243,
PDS-5244,
PDS-5250,
PDS-5252,
PDS-5257,
PDS-5259,
PDS-5277,
PDS-5284,
PDS-5286,
PDS-5288,
PDS-5296,
PDS-5300,
PDS-5302,
PDS-5308,
PDS-5311,
PDS-5312,
PDS-5320,
PDS-5321,
PDS-5331,
PDS-5335,
PDS-5343,
PDS-5348,
PDS-5356,
PDS-5367,
PDS-5371,
PDS-5374,
PDS-5375,
PDS-5388,
PDS-5391,
PDS-5396,
PDS-5409,
PDS-5411,
PDS-5416,
PDS-5424,
PDS-5430,
PDS-5433,
PDS-5434,
PDS-5436,
PDS-5440,
PDS-5443,
PDS-5444,
PDS-5446,
PDS-5448,
PDS-5449,
PDS-5451,
PDS-5452,
PDS-5458,
PDS-5463,
PDS-5464,
PDS-5470,
PDS-5476,
PDS-5477,
PDS-5483,
PDS-5487,
PDS-5489,
PDS-5491,
PDS-5496,
PDS-5499,
PDS-5510,
PDS-5511,
PDS-5521,
PDS-5531,
PDS-5537,
PDS-5540,
PDS-5543,
PDS-5547,
PDS-5553,
PDS-5559,
PDS-5561,
PDS-5566,
PDS-5570,
PDS-5572,
PDS-5575,
PDS-5586,
PDS-5589,
PDS-5591,
PDS-5593,
PDS-5601,
PDS-5619,
PDS-5620,
PDS-5623,
PDS-5625,
PDS-5627,
PDS-5629,
PDS-5634,
PDS-5635,
PDS-5638,
PDS-5645,
PDS-5646,
PDS-5656,
PDS-5657,
PDS-5661,
PDS-5662,
PDS-5669,
PDS-5670,
PDS-5676,
PDS-5687,
PDS-5691,
PDS-5694,
PDS-5695,
PDS-5700,
PDS-5705,
PDS-5711,
PDS-5714,
PDS-5723,
PDS-5725,
PDS-5727,
PDS-5739,
PDS-5742,
PDS-5745,
PDS-5746,
PDS-5751,
PDS-5753,
PDS-5756,
PDS-5758,
PDS-5760,
PDS-5773,
PDS-5775,
PDS-5777,
PDS-5780,
PDS-5783,
PDS-5789,
PDS-5792,
PDS-5794,
PDS-5798,
PDS-5802,
PDS-5809,
PDS-5811,
PDS-5819,
PDS-5828,
PDS-5833,
PDS-5843,
PDS-5846,
PDS-5851,
PDS-5856,
PDS-5868,
PDS-5871,
PDS-5879,
PDS-5882,
PDS-5890,
PDS-5892,
PDS-5893,
PDS-5896,
PDS-5902,
PDS-5907,
PDS-5908,
PDS-5927,
PDS-5940,
PDS-5942,
PDS-5945,
PDS-5947,
PDS-5950,
PDS-5952,
PDS-5960,
PDS-5979,
PDS-5985,
PDS-5987,
PDS-5989,
PDS-5990,
PDS-5992,
PDS-5998,
PDS-6013,
PDS-6020,
PDS-6032,
PDS-6034,
PDS-6043,
PDS-6044,
PDS-6047,
PDS-6060,
PDS-6080,
PDS-6083,
PDS-6091,
PDS-6094,
PDS-6095,
PDS-6100,
PDS-6103,
PDS-6117,
PDS-6122,
PDS-6123,
PDS-6130,
PDS-6140,
PDS-6141,
PDS-6143,
PDS-6151,
PDS-6155,
PDS-6156,
PDS-6161,
PDS-6169,
PDS-6172,
PDS-6173,
PDS-6184,
PDS-6185,
PDS-6191,
PDS-6208,
PDS-6220,
PDS-6230,
PDS-6234,
PDS-6237,
PDS-6239,
PDS-6252,
PDS-6255,
PDS-6257,
PDS-6262,
PDS-6263,
PDS-6266,
PDS-6270,
PDS-6273,
PDS-6277,
PDS-6284,
PDS-6289,
PDS-6295,
PDS-6296,
PDS-6297,
PDS-6298,
PDS-6304,
PDS-6305,
PDS-6314,
PDS-6315,
PDS-6318,
PDS-6319,
PDS-6332,
PDS-6337,
PDS-6338,
PDS-6343,
PDS-6345,
PDS-6354,
PDS-6360,
PDS-6362,
PDS-6369,
PDS-6371,
PDS-6372,
PDS-6375,
PDS-6377,
PDS-6397,
PDS-6398,
PDS-6407,
PDS-6411,
PDS-6412,
PDS-6417,
PDS-6421,
PDS-6427,
PDS-6431,
PDS-6433,
PDS-6440,
PDS-6442,
PDS-6446,
PDS-6447,
PDS-6451,
PDS-6457,
PDS-6466,
PDS-6470,
PDS-6472,
PDS-6475,
PDS-6477,
PDS-6489,
PDS-6494,
PDS-6512,
PDS-6515,
PDS-6520,
PDS-6531,
PDS-6540,
PDS-6541,
PDS-6543,
PDS-6547,
PDS-6549,
PDS-6556,
PDS-6564,
PDS-6565,
PDS-6566,
PDS-6571,
PDS-6574,
PDS-6582,
PDS-6583,
PDS-6586,
PDS-6588,
PDS-6589,
PDS-6592,
PDS-6611,
PDS-6615,
PDS-6617,
PDS-6623,
PDS-6624,
PDS-6630,
PDS-6639,
PDS-6641,
PDS-6643,
PDS-6644,
PDS-6645,
PDS-6646,
PDS-6653,
PDS-6656,
PDS-6676,
PDS-6697,
PDS-6702,
PDS-6705,
PDS-6711,
PDS-6717,
PDS-6719,
PDS-6722,
PDS-6723,
PDS-6732,
PDS-6737,
PDS-6738,
PDS-6739,
PDS-6752,
PDS-6765,
PDS-6768,
PDS-6772,
PDS-6774,
PDS-6775,
PDS-6777,
PDS-6784,
PDS-6797,
PDS-6800,
PDS-6802,
PDS-6808,
PDS-6810,
PDS-6812,
PDS-6817,
PDS-6820,
PDS-6824,
PDS-6834,
PDS-6838,
PDS-6839,
PDS-6853,
PDS-6856,
PDS-6860,
PDS-6874,
PDS-6882,
PDS-6883,
PDS-6894,
PDS-6895,
PDS-6899,
PDS-6902,
PDS-6906,
PDS-6911,
PDS-6918,
PDS-6925,
PDS-6939,
PDS-6942,
PDS-6944,
PDS-6950,
PDS-6954,
PDS-6961,
PDS-6967,
PDS-6969,
PDS-6971,
PDS-6972,
PDS-6973,
PDS-6980,
PDS-6981,
PDS-6982,
PDS-6983,
PDS-6989,
PDS-6990,
PDS-6991,
PDS-6993,
PDS-6997,
PDS-7006,
PDS-7007,
PDS-7010,
PDS-7011,
PDS-7012,
PDS-7017,
PDS-7023,
PDS-7032,
PDS-7042,
PDS-7044,
PDS-7053,
PDS-7057,
PDS-7058,
PDS-7060,
PDS-7065,
PDS-7070,
PDS-7080,
PDS-7082,
PDS-7083,
PDS-7084,
PDS-7085,
PDS-7097,
PDS-7100,
PDS-7107,
PDS-7115,
PDS-7120,
PDS-7123,
PDS-7124,
PDS-7125,
PDS-7129,
PDS-7134,
PDS-7138,
PDS-7148,
PDS-7152,
PDS-7155,
PDS-7157,
PDS-7159,
PDS-7163,
PDS-7166,
PDS-7167,
PDS-7180,
PDS-7184,
PDS-7185,
PDS-7187,
PDS-7191,
PDS-7194,
PDS-7197,
PDS-7207,
PDS-7209,
PDS-7215,
PDS-7219,
PDS-7227,
PDS-7228,
PDS-7231,
PDS-7240,
PDS-7244,
PDS-7254,
PDS-7264,
PDS-7267,
PDS-7270,
PDS-7275,
PDS-7288,
PDS-7292,
PDS-7296,
PDS-7297,
PDS-7312,
PDS-7313,
PDS-7315,
PDS-7324,
PDS-7341,
PDS-7344,
PDS-7346,
PDS-7351,
PDS-7353,
PDS-7356,
PDS-7358,
PDS-7369,
PDS-7374,
PDS-7375,
PDS-7383,
PDS-7391,
PDS-7393,
PDS-7395,
PDS-7401,
PDS-7405,
PDS-7416,
PDS-7419,
PDS-7422,
PDS-7425,
PDS-7427,
PDS-7430,
PDS-7447,
PDS-7456,
PDS-7462,
PDS-7481,
PDS-7484,
PDS-7486,
PDS-7492,
PDS-7495,
PDS-7520,
PDS-7522,
PDS-7527,
PDS-7532,
PDS-7544,
PDS-7545,
PDS-7561,
PDS-7562,
PDS-7565,
PDS-7575,
PDS-7578,
PDS-7588,
PDS-7596,
PDS-7598,
PDS-7605,
PDS-7611,
PDS-7612,
PDS-7618,
PDS-7619,
PDS-7620,
PDS-7623,
PDS-7630,
PDS-7644,
PDS-7652,
PDS-7658,
PDS-7660,
PDS-7674,
PDS-7675,
PDS-7680,
PDS-7685,
PDS-7693,
PDS-7694,
PDS-7698,
PDS-7711,
PDS-7716,
PDS-7719,
PDS-7737,
PDS-7738,
PDS-7743,
PDS-7759,
PDS-7762,
PDS-7778,
PDS-7779,
PDS-7784,
PDS-7789,
PDS-7805,
PDS-7806,
PDS-7813,
PDS-7814,
PDS-7816,
PDS-7818,
PDS-7819,
PDS-7824,
PDS-7830,
PDS-7833,
PDS-7836,
PDS-7844,
PDS-7847,
PDS-7849,
PDS-7852,
PDS-7864,
PDS-7867,
PDS-7897,
PDS-7907,
PDS-7910,
PDS-7928,
PDS-7930,
PDS-7936,
PDS-7942,
PDS-7944,
PDS-7951,
PDS-7958,
PDS-7968,
PDS-7971,
PDS-7974,
PDS-7980,
PDS-7985,
PDS-7988,
PDS-7990,
PDS-7993,
PDS-7994,
PDS-7995,
PDS-7997,
PDS-8000,
PDS-8003,
PDS-8004,
PDS-8005,
PDS-8007,
PDS-8008,
PDS-8017,
PDS-8018,
PDS-8025,
PDS-8027,
PDS-8037,
PDS-8039,
PDS-8042,
PDS-8051,
PDS-8054,
PDS-8069,
PDS-8071,
PDS-8074,
PDS-8079,
PDS-8081,
PDS-8097,
PDS-8111,
PDS-8113,
PDS-8121,
PDS-8126,
PDS-8131,
PDS-8134,
PDS-8151,
PDS-8153,
PDS-8156,
PDS-8161,
PDS-8163,
PDS-8173,
PDS-8174,
PDS-8176,
PDS-8180,
PDS-8190,
PDS-8200,
PDS-8203,
PDS-8209,
PDS-8211,
PDS-8225,
PDS-8227,
PDS-8229,
PDS-8231,
PDS-8235,
PDS-8236,
PDS-8245,
PDS-8246,
PDS-8253,
PDS-8259,
PDS-8260,
PDS-8264,
PDS-8265,
PDS-8276,
PDS-8278,
PDS-8287,
PDS-8306,
PDS-8308,
PDS-8309,
PDS-8312,
PDS-8313,
PDS-8316,
PDS-8322,
PDS-8323,
PDS-8326,
PDS-8327,
PDS-8329,
PDS-8330,
PDS-8334,
PDS-8336,
PDS-8339,
PDS-8348,
PDS-8357,
PDS-8358,
PDS-8364,
PDS-8368,
PDS-8386,
PDS-8390,
PDS-8393,
PDS-8398,
PDS-8400,
PDS-8416,
PDS-8418,
PDS-8428,
PDS-8429,
PDS-8430,
PDS-8434,
PDS-8437,
PDS-8439,
PDS-8449,
PDS-8462,
PDS-8468,
PDS-8473,
PDS-8476,
PDS-8491,
PDS-8492,
PDS-8503,
PDS-8513,
PDS-8520,
PDS-8530,
PDS-8534,
PDS-8536,
PDS-8548,
PDS-8549,
PDS-8550,
PDS-8554,
PDS-8556,
PDS-8557,
PDS-8561,
PDS-8567,
PDS-8568,
PDS-8572,
PDS-8578,
PDS-8579,
PDS-8581,
PDS-8593,
PDS-8596,
PDS-8598,
PDS-8602,
PDS-8606,
PDS-8634,
PDS-8637,
PDS-8641,
PDS-8647,
PDS-8653,
PDS-8657,
PDS-8660,
PDS-8663,
PDS-8667,
PDS-8681,
PDS-8683,
PDS-8691,
PDS-8692,
PDS-8703,
PDS-8706,
PDS-8707,
PDS-8708,
PDS-8712,
PDS-8713,
PDS-8717,
PDS-8718,
PDS-8735,
PDS-8753,
PDS-8755,
PDS-8756,
PDS-8768,
PDS-8771,
PDS-8783,
PDS-8784,
PDS-8788,
PDS-8793,
PDS-8796,
PDS-8801,
PDS-8809,
PDS-8812,
PDS-8821,
PDS-8838,
PDS-8839,
PDS-8842,
PDS-8854,
PDS-8860,
PDS-8885,
PDS-8895,
PDS-8906,
PDS-8907,
PDS-8913,
PDS-8921,
PDS-8922,
PDS-8925,
PDS-8928,
PDS-8934,
PDS-8943,
PDS-8947,
PDS-8965,
PDS-8985,
PDS-8988,
PDS-8997,
PDS-9006,
PDS-9008,
PDS-9012,
PDS-9014,
PDS-9018,
PDS-9019,
PDS-9029,
PDS-9032,
PDS-9033,
PDS-9047,
PDS-9065,
PDS-9066,
PDS-9068,
PDS-9075,
PDS-9077,
PDS-9078,
PDS-9079,
PDS-9084,
PDS-9088,
PDS-9095,
PDS-9102,
PDS-9105,
PDS-9106,
PDS-9107,
PDS-9109,
PDS-9111,
PDS-9112,
PDS-9123,
PDS-9128,
PDS-9131,
PDS-9132,
PDS-9136,
PDS-9147,
PDS-9152,
PDS-9156,
PDS-9161,
PDS-9169,
PDS-9172,
PDS-9178,
PDS-9182,
PDS-9185,
PDS-9201,
PDS-9204,
PDS-9205,
PDS-9207,
PDS-9208,
PDS-9209,
PDS-9219,
PDS-9224,
PDS-9228,
PDS-9236,
PDS-9257,
PDS-9260,
PDS-9269,
PDS-9276,
PDS-9278,
PDS-9281,
PDS-9284,
PDS-9289,
PDS-9303,
PDS-9307,
PDS-9311,
PDS-9313,
PDS-9324,
PDS-9325,
PDS-9334,
PDS-9338,
PDS-9340,
PDS-9343,
PDS-9347,
PDS-9349,
PDS-9360,
PDS-9370,
PDS-9371,
PDS-9375,
PDS-9389,
PDS-9429,
PDS-9430,
PDS-9436,
PDS-9440,
PDS-9447,
PDS-9448,
PDS-9462,
PDS-9472,
PDS-9473,
PDS-9475,
PDS-9487,
PDS-9494,
PDS-9497,
PDS-9500,
PDS-9504,
PDS-9511,
PDS-9517,
PDS-9519,
PDS-9520,
PDS-9522,
PDS-9524,
PDS-9525,
PDS-9529,
PDS-9541,
PDS-9551,
PDS-9557,
PDS-9558,
PDS-9570,
PDS-9577,
PDS-9581,
PDS-9584,
PDS-9588,
PDS-9589,
PDS-9592,
PDS-9597,
PDS-9601,
PDS-9638,
PDS-9642,
PDS-9650,
PDS-9651,
PDS-9655,
PDS-9663,
PDS-9668,
PDS-9687,
PDS-9690,
PDS-9693,
PDS-9701,
PDS-9715,
PDS-9716,
PDS-9733,
PDS-9739,
PDS-9742,
PDS-9745,
PDS-9753,
PDS-9763,
PDS-9765,
PDS-9766,
PDS-9767,
PDS-9769,
PDS-9785,
PDS-9789,
PDS-9790,
PDS-9795,
PDS-9796,
PDS-9798,
PDS-9803,
PDS-9814,
PDS-9818,
PDS-9822,
PDS-9824,
PDS-9833,
PDS-9834,
PDS-9837,
PDS-9848,
PDS-9853,
PDS-9861,
PDS-9866,
PDS-9867,
PDS-9868,
PDS-9874,
PDS-9875,
PDS-9880,
PDS-9883,
PDS-9885,
PDS-9886,
PDS-9901,
PDS-9904,
PDS-9908,
PDS-9909,
PDS-9912,
PDS-9915,
PDS-9916,
PDS-9917,
PDS-9918,
PDS-9942,
PDS-9945,
PDS-9950,
PDS-9952,
PDS-9957,
PDS-9960,
PDS-9969,
PDS-9985,
PDS-9992,
PDS-9997,
PDS-10007,
PDS-10015,
PDS-10016,
PDS-10021,
PDS-10029,
PDS-10041,
PDS-10048,
PDS-10054,
PDS-10056,
PDS-10059,
PDS-10061,
PDS-10067,
PDS-10071,
PDS-10078,
PDS-10082,
PDS-10089,
PDS-10094,
PDS-10097,
PDS-10103,
PDS-10104,
PDS-10107,
PDS-10113,
PDS-10124,
PDS-10136,
PDS-10137,
PDS-10143,
PDS-10146,
PDS-10148,
PDS-10151,
PDS-10161,
PDS-10162,
PDS-10166,
PDS-10168,
PDS-10174,
PDS-10177,
PDS-10178,
PDS-10179,
PDS-10180,
PDS-10182,
PDS-10184,
PDS-10189,
PDS-10196,
PDS-10198,
PDS-10208,
PDS-10210,
PDS-10212,
PDS-10214,
PDS-10223,
PDS-10226,
PDS-10231,
PDS-10234,
PDS-10239,
PDS-10249,
PDS-10254,
PDS-10259,
PDS-10268,
PDS-10272,
PDS-10279,
PDS-10289,
PDS-10294,
PDS-10296,
PDS-10315,
PDS-10321,
PDS-10327,
PDS-10333,
PDS-10336,
PDS-10341,
PDS-10344,
PDS-10345,
PDS-10346,
PDS-10351,
PDS-10358,
PDS-10362,
PDS-10381,
PDS-10383,
PDS-10396,
PDS-10397,
PDS-10404,
PDS-10410,
PDS-10411,
PDS-10413,
PDS-10427,
PDS-10434,
PDS-10443,
PDS-10450,
PDS-10452,
PDS-10454,
PDS-10458,
PDS-10474,
PDS-10479,
PDS-10486,
PDS-10488,
PDS-10489,
PDS-10493,
PDS-10504,
PDS-10517,
PDS-10518,
PDS-10519,
PDS-10522,
PDS-10527,
PDS-10532,
PDS-10536,
PDS-10540,
PDS-10542,
PDS-10553,
PDS-10555,
PDS-10556,
PDS-10559,
PDS-10562,
PDS-10569,
PDS-10577,
PDS-10579,
PDS-10583,
PDS-10588,
PDS-10590,
PDS-10593,
PDS-10594,
PDS-10596,
PDS-10602,
PDS-10603,
PDS-10617,
PDS-10618,
PDS-10624,
PDS-10626,
PDS-10627,
PDS-10628,
PDS-10635,
PDS-10637,
PDS-10641,
PDS-10643,
PDS-10648,
PDS-10652,
PDS-10656,
PDS-10660,
PDS-10675,
PDS-10678,
PDS-10683,
PDS-10686,
PDS-10693,
PDS-10694,
PDS-10696,
PDS-10699,
PDS-10700,
PDS-10702,
PDS-10705,
PDS-10707,
PDS-10717,
PDS-10718,
PDS-10721,
PDS-10725,
PDS-10729,
PDS-10730,
PDS-10737,
PDS-10739,
PDS-10745,
PDS-10746,
PDS-10749,
PDS-10750,
PDS-10752,
PDS-10755,
PDS-10757,
PDS-10758,
PDS-10759,
PDS-10760,
PDS-10774,
PDS-10776,
PDS-10777,
PDS-10786,
PDS-10788,
PDS-10790,
PDS-10794,
PDS-10800,
PDS-10801,
PDS-10806,
PDS-10809,
PDS-10817,
PDS-10818,
PDS-10823,
PDS-10826,
PDS-10829,
PDS-10832,
PDS-10838,
PDS-10848,
PDS-10850,
PDS-10852,
PDS-10859,
PDS-10861,
PDS-10875,
PDS-10879,
PDS-10887,
PDS-10894,
PDS-10897,
PDS-10901,
PDS-10914,
PDS-10917,
PDS-10922,
PDS-10923,
PDS-10939,
PDS-10955,
PDS-10965,
PDS-10966,
PDS-10967,
PDS-10974,
PDS-10976,
PDS-10984,
PDS-10986,
PDS-10997,
PDS-10998,
PDS-10999,
PDS-11002,
PDS-11003,
PDS-11004,
PDS-11006,
PDS-11017,
PDS-11023,
PDS-11024,
PDS-11031,
PDS-11034,
PDS-11036,
PDS-11047,
PDS-11054,
PDS-11065,
PDS-11066,
PDS-11070,
PDS-11084,
PDS-11085,
PDS-11088,
PDS-11089,
PDS-11094,
PDS-11095,
PDS-11102,
PDS-11105,
PDS-11109,
PDS-11112,
PDS-11117,
PDS-11121,
PDS-11123,
PDS-11129,
PDS-11131,
PDS-11139,
PDS-11152,
PDS-11155,
PDS-11157,
PDS-11158,
PDS-11165,
PDS-11167,
PDS-11169,
PDS-11170,
PDS-11172,
PDS-11173,
PDS-11174,
PDS-11175,
PDS-11182,
PDS-11183,
PDS-11186,
PDS-11187,
PDS-11191,
PDS-11206,
PDS-11208,
PDS-11235,
PDS-11241,
PDS-11247,
PDS-11253,
PDS-11255,
PDS-11261,
PDS-11262,
PDS-11272,
PDS-11281,
PDS-11282,
PDS-11285,
PDS-11297,
PDS-11303,
PDS-11304,
PDS-11309,
PDS-11311,
PDS-11313,
PDS-11315,
PDS-11329,
PDS-11330,
PDS-11337,
PDS-11339,
PDS-11345,
PDS-11350,
PDS-11363,
PDS-11364,
PDS-11372,
PDS-11373,
PDS-11382,
PDS-11383,
PDS-11384,
PDS-11391,
PDS-11395,
PDS-11398,
PDS-11408,
PDS-11412,
PDS-11414,
PDS-11422,
PDS-11426,
PDS-11432,
PDS-11436,
PDS-11440,
PDS-11443,
PDS-11448,
PDS-11471,
PDS-11474,
PDS-11476,
PDS-11478,
PDS-11480,
PDS-11484,
PDS-11486,
PDS-11487,
PDS-11494,
PDS-11495,
PDS-11511,
PDS-11516,
PDS-11517,
PDS-11529,
PDS-11531,
PDS-11532,
PDS-11535,
PDS-11537,
PDS-11544,
PDS-11547,
PDS-11556,
PDS-11557,
PDS-11560,
PDS-11562,
PDS-11564,
PDS-11566,
PDS-11578,
PDS-11581,
PDS-11590,
PDS-11591,
PDS-11594,
PDS-11596,
PDS-11600,
PDS-11602,
PDS-11614,
PDS-11619,
PDS-11638,
PDS-11640,
PDS-11642,
PDS-11646,
PDS-11650,
PDS-11654,
PDS-11658,
PDS-11665,
PDS-11668,
PDS-11670,
PDS-11677,
PDS-11684,
PDS-11685,
PDS-11692,
PDS-11693,
PDS-11695,
PDS-11696,
PDS-11701,
PDS-11705,
PDS-11706,
PDS-11708,
PDS-11714,
PDS-11715,
PDS-11719,
PDS-11723,
PDS-11738,
PDS-11739,
PDS-11740,
PDS-11746,
PDS-11749,
PDS-11750,
PDS-11755,
PDS-11756,
PDS-11758,
PDS-11764,
PDS-11768,
PDS-11775,
PDS-11778,
PDS-11780,
PDS-11788,
PDS-11802,
PDS-11804,
PDS-11815,
PDS-11822,
PDS-11825,
PDS-11827,
PDS-11830,
PDS-11835,
PDS-11836,
PDS-11838,
PDS-11850,
PDS-11852,
PDS-11856,
PDS-11862,
PDS-11866,
PDS-11868,
PDS-11871,
PDS-11872,
PDS-11874,
PDS-11875,
PDS-11890,
PDS-11895,
PDS-11906,
PDS-11909,
PDS-11917,
PDS-11919,
PDS-11923,
PDS-11928,
PDS-11930,
PDS-11939,
PDS-11940,
PDS-11945,
PDS-11949,
PDS-11950,
PDS-11951,
PDS-11952,
PDS-11955,
PDS-11957,
PDS-11965,
PDS-11970,
PDS-11971,
PDS-11972,
PDS-11990,
PDS-11993,
PDS-11997,
PDS-12000,
PDS-12002,
PDS-12004,
PDS-12014,
PDS-12016,
PDS-12022,
PDS-12032,
PDS-12040,
PDS-12041,
PDS-12044,
PDS-12046,
PDS-12047,
PDS-12049,
PDS-12058,
PDS-12068,
PDS-12076,
PDS-12081,
PDS-12088,
PDS-12090,
PDS-12092,
PDS-12097,
PDS-12101,
PDS-12110,
PDS-12113,
PDS-12116,
PDS-12128,
PDS-12131,
PDS-12133,
PDS-12145,
PDS-12146,
PDS-12150,
PDS-12151,
PDS-12156,
PDS-12159,
PDS-12162,
PDS-12169,
PDS-12174,
PDS-12175,
PDS-12176,
PDS-12179,
PDS-12181,
PDS-12183,
PDS-12184,
PDS-12186,
PDS-12193,
PDS-12198,
PDS-12200,
PDS-12202,
PDS-12207,
PDS-12208,
PDS-12209,
PDS-12220,
PDS-12227,
PDS-12233,
PDS-12235,
PDS-12237,
PDS-12238,
PDS-12250,
PDS-12252,
PDS-12254,
PDS-12255,
PDS-12259,
PDS-12261,
PDS-12266,
PDS-12276,
PDS-12279,
PDS-12290,
PDS-12298,
PDS-12299,
PDS-12307,
PDS-12313,
PDS-12317,
PDS-12324,
PDS-12328,
PDS-12329,
PDS-12330,
PDS-12331,
PDS-12337,
PDS-12338,
PDS-12339,
PDS-12343,
PDS-12346,
PDS-12356,
PDS-12357,
PDS-12361,
PDS-12374,
PDS-12381,
PDS-12384,
PDS-12392,
PDS-12395,
PDS-12412,
PDS-12414,
PDS-12416,
PDS-12419,
PDS-12425,
PDS-12449,
PDS-12450,
PDS-12453,
PDS-12454,
PDS-12465,
PDS-12467,
PDS-12469,
PDS-12474,
PDS-12475,
PDS-12486,
PDS-12498,
PDS-12501,
PDS-12503,
PDS-12505,
PDS-12509,
PDS-12513,
PDS-12534,
PDS-12542,
PDS-12577,
PDS-12583,
PDS-12584,
PDS-12589,
PDS-12593,
PDS-12596,
PDS-12601,
PDS-12603,
PDS-12606,
PDS-12608,
PDS-12612,
PDS-12626,
PDS-12639,
PDS-12641,
PDS-12642,
PDS-12648,
PDS-12652,
PDS-12653,
PDS-12667,
PDS-12677,
PDS-12678,
PDS-12683,
PDS-12686,
PDS-12687,
PDS-12689,
PDS-12694,
PDS-12708,
PDS-12714,
PDS-12719,
PDS-12722,
PDS-12723,
PDS-12729,
PDS-12733,
PDS-12738,
PDS-12743,
PDS-12744,
PDS-12758,
PDS-12764,
PDS-12766,
PDS-12769,
PDS-12772,
PDS-12773,
PDS-12774,
PDS-12776,
PDS-12783,
PDS-12791,
PDS-12804,
PDS-12809,
PDS-12813,
PDS-12817,
PDS-12820,
PDS-12821,
PDS-12829,
PDS-12836,
PDS-12840,
PDS-12852,
PDS-12853,
PDS-12856,
PDS-12858,
PDS-12867,
PDS-12868,
PDS-12870,
PDS-12872,
PDS-12875,
PDS-12876,
PDS-12881,
PDS-12890,
PDS-12892,
PDS-12904,
PDS-12906,
PDS-12911,
PDS-12914,
PDS-12925,
PDS-12936,
PDS-12942,
PDS-12946,
PDS-12947,
PDS-12952,
PDS-12967,
PDS-12973,
PDS-12976,
PDS-12978,
PDS-12983,
PDS-12985,
PDS-12988,
PDS-12991,
PDS-12992,
PDS-12997,
PDS-12998,
PDS-13000,
PDS-13007,
PDS-13014,
PDS-13026,
PDS-13032,
PDS-13033,
PDS-13046,
PDS-13047,
PDS-13051,
PDS-13052,
PDS-13058,
PDS-13066,
PDS-13068,
PDS-13071,
PDS-13075,
PDS-13077,
PDS-13082,
PDS-13088,
PDS-13110,
PDS-13117,
PDS-13118,
PDS-13122,
PDS-13126,
PDS-13128,
PDS-13132,
PDS-13141,
PDS-13146,
PDS-13147,
PDS-13150,
PDS-13157,
PDS-13169,
PDS-13172,
PDS-13179,
PDS-13184,
PDS-13185,
PDS-13193,
PDS-13194,
PDS-13201,
PDS-13217,
PDS-13222,
PDS-13224,
PDS-13225,
PDS-13227,
PDS-13231,
PDS-13233,
PDS-13235,
PDS-13238,
PDS-13240,
PDS-13246,
PDS-13259,
PDS-13262,
PDS-13270,
PDS-13280,
PDS-13282,
PDS-13284,
PDS-13285,
PDS-13289,
PDS-13297,
PDS-13300,
PDS-13319,
PDS-13320,
PDS-13324,
PDS-13325,
PDS-13332,
PDS-13334,
PDS-13342,
PDS-13351,
PDS-13365,
PDS-13369,
PDS-13380,
PDS-13381,
PDS-13384,
PDS-13387,
PDS-13393,
PDS-13396,
PDS-13400,
PDS-13402,
PDS-13404,
PDS-13405,
PDS-13408,
PDS-13410,
PDS-13412,
PDS-13415,
PDS-13418,
PDS-13423,
PDS-13429,
PDS-13430,
PDS-13441,
PDS-13447,
PDS-13451,
PDS-13453,
PDS-13456,
PDS-13457,
PDS-13468,
PDS-13473,
PDS-13480,
PDS-13482,
PDS-13490,
PDS-13491,
PDS-13494,
PDS-13501,
PDS-13504,
PDS-13508,
PDS-13517,
PDS-13519,
PDS-13520,
PDS-13522,
PDS-13528,
PDS-13538,
PDS-13546,
PDS-13548,
PDS-13551,
PDS-13565,
PDS-13566,
PDS-13569,
PDS-13576,
PDS-13585,
PDS-13597,
PDS-13599,
PDS-13606,
PDS-13613,
PDS-13616,
PDS-13622,
PDS-13623,
PDS-13624,
PDS-13630,
PDS-13636,
PDS-13646,
PDS-13653,
PDS-13655,
PDS-13660,
PDS-13670,
PDS-13674,
PDS-13676,
PDS-13681,
PDS-13687,
PDS-13690,
PDS-13704,
PDS-13706,
PDS-13712,
PDS-13717,
PDS-13719,
PDS-13738,
PDS-13747,
PDS-13750,
PDS-13753,
PDS-13758,
PDS-13761,
PDS-13768,
PDS-13773,
PDS-13774,
PDS-13775,
PDS-13779,
PDS-13791,
PDS-13795,
PDS-13804,
PDS-13808,
PDS-13809,
PDS-13829,
PDS-13833,
PDS-13840,
PDS-13844,
PDS-13850,
PDS-13852,
PDS-13860,
PDS-13861,
PDS-13866,
PDS-13870,
PDS-13878,
PDS-13879,
PDS-13892,
PDS-13894,
PDS-13901,
PDS-13908,
PDS-13911,
PDS-13914,
PDS-13918,
PDS-13919,
PDS-13920,
PDS-13924,
PDS-13927,
PDS-13931,
PDS-13932,
PDS-13938,
PDS-13945,
PDS-13947,
PDS-13948,
PDS-13950,
PDS-13965,
PDS-13966,
PDS-13970,
PDS-13971,
PDS-13976,
PDS-13980,
PDS-13987,
PDS-13993,
PDS-13995,
PDS-13998,
PDS-13999,
PDS-14006,
PDS-14011,
PDS-14026,
PDS-14027,
PDS-14028,
PDS-14032,
PDS-14037,
PDS-14040,
PDS-14043,
PDS-14044,
PDS-14052,
PDS-14053,
PDS-14057,
PDS-14061,
PDS-14063,
PDS-14070,
PDS-14073,
PDS-14076,
PDS-14080,
PDS-14083,
PDS-14084,
PDS-14088,
PDS-14090,
PDS-14099,
PDS-14110,
PDS-14114,
PDS-14115,
PDS-14120,
PDS-14123,
PDS-14125,
PDS-14126,
PDS-14136,
PDS-14139,
PDS-14140,
PDS-14141,
PDS-14154,
PDS-14155,
PDS-14163,
PDS-14173,
PDS-14179,
PDS-14189,
PDS-14192,
PDS-14200,
PDS-14204,
PDS-14208,
PDS-14209,
PDS-14211,
PDS-14212,
PDS-14213,
PDS-14216,
PDS-14227,
PDS-14232,
PDS-14233,
PDS-14244,
PDS-14257,
PDS-14258,
PDS-14263,
PDS-14270,
PDS-14271,
PDS-14278,
PDS-14283,
PDS-14287,
PDS-14288,
PDS-14289,
PDS-14290,
PDS-14292,
PDS-14296,
PDS-14297,
PDS-14301,
PDS-14309,
PDS-14310,
PDS-14319,
PDS-14326,
PDS-14335,
PDS-14351,
PDS-14358,
PDS-14368,
PDS-14370,
PDS-14374,
PDS-14377,
PDS-14383,
PDS-14386,
PDS-14388,
PDS-14389,
PDS-14395,
PDS-14398,
PDS-14415,
PDS-14423,
PDS-14424,
PDS-14425,
PDS-14428,
PDS-14431,
PDS-14435,
PDS-14438,
PDS-14452,
PDS-14454,
PDS-14473,
PDS-14474,
PDS-14479,
PDS-14483,
PDS-14485,
PDS-14487,
PDS-14490,
PDS-14502,
PDS-14503,
PDS-14513,
PDS-14521,
PDS-14524,
PDS-14528,
PDS-14532,
PDS-14535,
PDS-14537,
PDS-14538,
PDS-14542,
PDS-14552,
PDS-14553,
PDS-14556,
PDS-14560,
PDS-14562,
PDS-14563,
PDS-14566,
PDS-14567,
PDS-14568,
PDS-14572,
PDS-14590,
PDS-14595,
PDS-14597,
PDS-14600,
PDS-14608,
PDS-14610,
PDS-14632,
PDS-14639,
PDS-14647,
PDS-14664,
PDS-14666,
PDS-14672,
PDS-14681,
PDS-14684,
PDS-14687,
PDS-14689,
PDS-14697,
PDS-14716,
PDS-14717,
PDS-14722,
PDS-14731,
PDS-14744,
PDS-14750,
PDS-14756,
PDS-14789,
PDS-14795,
PDS-14807,
PDS-14819,
PDS-14821,
PDS-14822,
PDS-14824,
PDS-14825,
PDS-14829,
PDS-14838,
PDS-14840,
PDS-14847,
PDS-14850,
PDS-14853,
PDS-14860,
PDS-14869,
PDS-14871,
PDS-14872,
PDS-14890,
PDS-14891,
PDS-14897,
PDS-14900,
PDS-14902,
PDS-14909,
PDS-14917,
PDS-14925,
PDS-14934,
PDS-14940,
PDS-14949,
PDS-14950,
PDS-14956,
PDS-14974,
PDS-14996,
PDS-14997,
PDS-15008,
PDS-15021,
PDS-15024,
PDS-15035,
PDS-15037,
PDS-15038,
PDS-15039,
PDS-15043,
PDS-15049,
PDS-15062,
PDS-15065,
PDS-15070,
PDS-15071,
PDS-15073,
PDS-15079,
PDS-15084,
PDS-15088,
PDS-15089,
PDS-15090,
PDS-15094,
PDS-15097,
PDS-15107,
PDS-15115,
PDS-15126,
PDS-15130,
PDS-15141,
PDS-15148,
PDS-15150,
PDS-15152,
PDS-15153,
PDS-15157,
PDS-15159,
PDS-15161,
PDS-15167,
PDS-15170,
PDS-15178,
PDS-15184,
PDS-15194,
PDS-15196,
PDS-15201,
PDS-15203,
PDS-15207,
PDS-15223,
PDS-15224,
PDS-15227,
PDS-15229,
PDS-15230,
PDS-15234,
PDS-15241,
PDS-15247,
PDS-15252,
PDS-15254,
PDS-15255,
PDS-15262,
PDS-15266,
PDS-15272,
PDS-15276,
PDS-15283,
PDS-15306,
PDS-15310,
PDS-15314,
PDS-15318,
PDS-15329,
PDS-15339,
PDS-15344,
PDS-15347,
PDS-15350,
PDS-15353,
PDS-15359,
PDS-15361,
PDS-15369,
PDS-15370,
PDS-15373,
PDS-15374,
PDS-15375,
PDS-15380,
PDS-15385,
PDS-15386,
PDS-15399,
PDS-15408,
PDS-15409,
PDS-15418,
PDS-15423,
PDS-15433,
PDS-15434,
PDS-15435,
PDS-15439,
PDS-15442,
PDS-15445,
PDS-15450,
PDS-15458,
PDS-15464,
PDS-15477,
PDS-15486,
PDS-15494,
PDS-15505,
PDS-15508,
PDS-15513,
PDS-15515,
PDS-15516,
PDS-15518,
PDS-15521,
PDS-15523,
PDS-15524,
PDS-15525,
PDS-15526,
PDS-15535,
PDS-15553,
PDS-15563,
PDS-15564,
PDS-15578,
PDS-15586,
PDS-15587,
PDS-15588,
PDS-15589,
PDS-15593,
PDS-15597,
PDS-15600,
PDS-15601,
PDS-15624,
PDS-15628,
PDS-15633,
PDS-15636,
PDS-15637,
PDS-15639,
PDS-15640,
PDS-15642,
PDS-15647,
PDS-15650,
PDS-15671,
PDS-15675,
PDS-15680,
PDS-15687,
PDS-15689,
PDS-15708,
PDS-15709,
PDS-15711,
PDS-15712,
PDS-15716,
PDS-15718,
PDS-15722,
PDS-15729,
PDS-15736,
PDS-15741,
PDS-15744,
PDS-15746,
PDS-15748,
PDS-15749,
PDS-15752,
PDS-15762,
PDS-15769,
PDS-15771,
PDS-15776,
PDS-15782,
PDS-15788,
PDS-15796,
PDS-15797,
PDS-15811,
PDS-15813,
PDS-15823,
PDS-15827,
PDS-15831,
PDS-15837,
PDS-15846,
PDS-15849,
PDS-15851,
PDS-15877,
PDS-15884,
PDS-15888,
PDS-15893,
PDS-15897,
PDS-15900,
PDS-15902,
PDS-15907,
PDS-15914,
PDS-15917,
PDS-15921,
PDS-15922,
PDS-15925,
PDS-15928,
PDS-15935,
PDS-15936,
PDS-15942,
PDS-15946,
PDS-15951,
PDS-15955,
PDS-15980,
PDS-15989,
PDS-15991,
PDS-15997,
PDS-15998,
PDS-15999,
PDS-16002,
PDS-16003,
PDS-16010,
PDS-16014,
PDS-16015,
PDS-16019,
PDS-16020,
PDS-16022,
PDS-16024,
PDS-16029,
PDS-16030,
PDS-16033,
PDS-16035,
PDS-16036,
PDS-16045,
PDS-16049,
PDS-16053,
PDS-16064,
PDS-16078,
PDS-16083,
PDS-16087,
PDS-16088,
PDS-16094,
PDS-16101,
PDS-16104,
PDS-16107,
PDS-16128,
PDS-16134,
PDS-16141,
PDS-16153,
PDS-16155,
PDS-16158,
PDS-16164,
PDS-16166,
PDS-16171,
PDS-16174,
PDS-16185,
PDS-16194,
PDS-16195,
PDS-16199,
PDS-16200,
PDS-16210,
PDS-16212,
PDS-16213,
PDS-16217,
PDS-16221,
PDS-16231,
PDS-16233,
PDS-16238,
PDS-16242,
PDS-16245,
PDS-16280,
PDS-16281,
PDS-16282,
PDS-16283,
PDS-16286,
PDS-16289,
PDS-16295,
PDS-16300,
PDS-16301,
PDS-16310,
PDS-16312,
PDS-16313,
PDS-16315,
PDS-16323,
PDS-16336,
PDS-16337,
PDS-16347,
PDS-16348,
PDS-16352,
PDS-16354,
PDS-16364,
PDS-16365,
PDS-16370,
PDS-16371,
PDS-16372,
PDS-16377,
PDS-16378,
PDS-16379,
PDS-16381,
PDS-16386,
PDS-16387,
PDS-16389,
PDS-16390,
PDS-16391,
PDS-16392,
PDS-16394,
PDS-16403,
PDS-16406,
PDS-16407,
PDS-16423,
PDS-16434,
PDS-16437,
PDS-16439,
PDS-16447,
PDS-16449,
PDS-16457,
PDS-16459,
PDS-16463,
PDS-16479,
PDS-16483,
PDS-16490,
PDS-16500,
PDS-16501,
PDS-16510,
PDS-16515,
PDS-16518,
PDS-16522,
PDS-16524,
PDS-16525,
PDS-16527,
PDS-16531,
PDS-16532,
PDS-16539,
PDS-16543,
PDS-16545,
PDS-16567,
PDS-16576,
PDS-16586,
PDS-16590,
PDS-16591,
PDS-16609,
PDS-16610,
PDS-16611,
PDS-16617,
PDS-16626,
PDS-16634,
PDS-16640,
PDS-16645,
PDS-16647,
PDS-16649,
PDS-16654,
PDS-16655,
PDS-16662,
PDS-16663,
PDS-16670,
PDS-16674,
PDS-16679,
PDS-16691,
PDS-16692,
PDS-16702,
PDS-16714,
PDS-16716,
PDS-16725,
PDS-16726,
PDS-16730,
PDS-16733,
PDS-16744,
PDS-16749,
PDS-16750,
PDS-16754,
PDS-16755,
PDS-16767,
PDS-16768,
PDS-16775,
PDS-16780,
PDS-16790,
PDS-16808,
PDS-16833,
PDS-16836,
PDS-16839,
PDS-16844,
PDS-16849,
PDS-16851,
PDS-16860,
PDS-16867,
PDS-16874,
PDS-16882,
PDS-16897,
PDS-16899,
PDS-16902,
PDS-16906,
PDS-16908,
PDS-16911,
PDS-16914,
PDS-16916,
PDS-16921,
PDS-16922,
PDS-16924,
PDS-16941,
PDS-16944,
PDS-16956,
PDS-16959,
PDS-16960,
PDS-16965,
PDS-16966,
PDS-16968,
PDS-16978,
PDS-16981,
PDS-16985,
PDS-16987,
PDS-16991,
PDS-16995,
PDS-16999,
PDS-17000,
PDS-17015,
PDS-17016,
PDS-17019,
PDS-17020,
PDS-17023,
PDS-17029,
PDS-17030,
PDS-17031,
PDS-17034,
PDS-17043,
PDS-17044,
PDS-17045,
PDS-17048,
PDS-17054,
PDS-17056,
PDS-17059,
PDS-17064,
PDS-17070,
PDS-17071,
PDS-17072,
PDS-17073,
PDS-17074,
PDS-17077,
PDS-17080,
PDS-17082,
PDS-17083,
PDS-17088,
PDS-17092,
PDS-17101,
PDS-17102,
PDS-17112,
PDS-17145,
PDS-17154,
PDS-17155,
PDS-17160,
PDS-17161,
PDS-17163,
PDS-17176,
PDS-17187,
PDS-17201,
PDS-17209,
PDS-17210,
PDS-17215,
PDS-17217,
PDS-17229,
PDS-17248,
PDS-17252,
PDS-17259,
PDS-17261,
PDS-17263,
PDS-17267,
PDS-17271,
PDS-17276,
PDS-17290,
PDS-17295,
PDS-17298,
PDS-17302,
PDS-17303,
PDS-17305,
PDS-17309,
PDS-17313,
PDS-17314,
PDS-17318,
PDS-17321,
PDS-17328,
PDS-17331,
PDS-17333,
PDS-17335,
PDS-17338,
PDS-17339,
PDS-17341,
PDS-17344,
PDS-17348,
PDS-17351,
PDS-17357,
PDS-17360,
PDS-17365,
PDS-17369,
PDS-17371,
PDS-17372,
PDS-17374,
PDS-17375,
PDS-17376,
PDS-17377,
PDS-17397,
PDS-17413,
PDS-17414,
PDS-17421,
PDS-17422,
PDS-17425,
PDS-17430,
PDS-17433,
PDS-17435,
PDS-17439,
PDS-17448,
PDS-17450,
PDS-17451,
PDS-17454,
PDS-17457,
PDS-17462,
PDS-17479,
PDS-17483,
PDS-17485,
PDS-17507,
PDS-17509,
PDS-17515,
PDS-17520,
PDS-17521,
PDS-17523,
PDS-17533,
PDS-17544,
PDS-17564,
PDS-17569,
PDS-17570,
PDS-17576,
PDS-17583,
PDS-17587,
PDS-17590,
PDS-17603,
PDS-17612,
PDS-17619,
PDS-17623,
PDS-17626,
PDS-17631,
PDS-17634,
PDS-17641,
PDS-17642,
PDS-17643,
PDS-17650,
PDS-17651,
PDS-17659,
PDS-17661,
PDS-17675,
PDS-17676,
PDS-17678,
PDS-17681,
PDS-17686,
PDS-17693,
PDS-17710,
PDS-17716,
PDS-17718,
PDS-17722,
PDS-17723,
PDS-17728,
PDS-17733,
PDS-17741,
PDS-17749,
PDS-17750,
PDS-17762,
PDS-17765,
PDS-17771,
PDS-17772,
PDS-17773,
PDS-17774,
PDS-17775,
PDS-17779,
PDS-17807,
PDS-17816,
PDS-17824,
PDS-17825,
PDS-17827,
PDS-17833,
PDS-17834,
PDS-17840,
PDS-17845,
PDS-17846,
PDS-17851,
PDS-17859,
PDS-17861,
PDS-17863,
PDS-17869,
PDS-17880,
PDS-17882,
PDS-17889,
PDS-17890,
PDS-17902,
PDS-17906,
PDS-17909,
PDS-17910,
PDS-17911,
PDS-17913,
PDS-17916,
PDS-17922,
PDS-17925,
PDS-17933,
PDS-17940,
PDS-17952,
PDS-17956,
PDS-17959,
PDS-17962,
PDS-17973,
PDS-17989,
PDS-18018,
PDS-18020,
PDS-18021,
PDS-18024,
PDS-18025,
PDS-18031,
PDS-18032,
PDS-18033,
PDS-18038,
PDS-18046,
PDS-18048,
PDS-18049,
PDS-18051,
PDS-18053,
PDS-18059,
PDS-18061,
PDS-18063,
PDS-18071,
PDS-18072,
PDS-18074,
PDS-18078,
PDS-18089,
PDS-18092,
PDS-18094,
PDS-18097,
PDS-18100,
PDS-18109,
PDS-18118,
PDS-18134,
PDS-18136,
PDS-18142,
PDS-18147,
PDS-18156,
PDS-18157,
PDS-18161,
PDS-18164,
PDS-18172,
PDS-18173,
PDS-18181,
PDS-18185,
PDS-18189,
PDS-18194,
PDS-18197,
PDS-18200,
PDS-18203,
PDS-18208,
PDS-18212,
PDS-18214,
PDS-18222,
PDS-18223,
PDS-18226,
PDS-18228,
PDS-18231,
PDS-18234,
PDS-18238,
PDS-18242,
PDS-18250,
PDS-18258,
PDS-18260,
PDS-18264,
PDS-18269,
PDS-18272,
PDS-18280,
PDS-18285,
PDS-18288,
PDS-18291,
PDS-18298,
PDS-18310,
PDS-18312,
PDS-18314,
PDS-18323,
PDS-18331,
PDS-18334,
PDS-18344,
PDS-18345,
PDS-18352,
PDS-18353,
PDS-18355,
PDS-18361,
PDS-18376,
PDS-18379,
PDS-18381,
PDS-18382,
PDS-18384,
PDS-18385,
PDS-18395,
PDS-18401,
PDS-18411,
PDS-18417,
PDS-18426,
PDS-18428,
PDS-18429,
PDS-18432,
PDS-18436,
PDS-18441,
PDS-18445,
PDS-18447,
PDS-18450,
PDS-18451,
PDS-18453,
PDS-18455,
PDS-18459,
PDS-18475,
PDS-18486,
PDS-18490,
PDS-18505,
PDS-18510,
PDS-18515,
PDS-18521,
PDS-18526,
PDS-18533,
PDS-18538,
PDS-18541,
PDS-18545,
PDS-18546,
PDS-18547,
PDS-18556,
PDS-18557,
PDS-18565,
PDS-18575,
PDS-18580,
PDS-18588,
PDS-18589,
PDS-18590,
PDS-18592,
PDS-18602,
PDS-18607,
PDS-18620,
PDS-18625,
PDS-18627,
PDS-18632,
PDS-18640,
PDS-18643,
PDS-18644,
PDS-18650,
PDS-18659,
PDS-18664,
PDS-18678,
PDS-18679,
PDS-18682,
PDS-18690,
PDS-18692,
PDS-18694,
PDS-18707,
PDS-18709,
PDS-18711,
PDS-18712,
PDS-18731,
PDS-18734,
PDS-18740,
PDS-18744,
PDS-18746,
PDS-18753,
PDS-18754,
PDS-18756,
PDS-18768,
PDS-18772,
PDS-18778,
PDS-18779,
PDS-18788,
PDS-18793,
PDS-18794,
PDS-18801,
PDS-18804,
PDS-18811,
PDS-18815,
PDS-18823,
PDS-18845,
PDS-18846,
PDS-18851,
PDS-18853,
PDS-18864,
PDS-18878,
PDS-18881,
PDS-18882,
PDS-18889,
PDS-18890,
PDS-18896,
PDS-18909,
PDS-18914,
PDS-18920,
PDS-18923,
PDS-18926,
PDS-18932,
PDS-18936,
PDS-18940,
PDS-18943,
PDS-18945,
PDS-18946,
PDS-18950,
PDS-18951,
PDS-18952,
PDS-18960,
PDS-18966,
PDS-18972,
PDS-18978,
PDS-18979,
PDS-18989,
PDS-18991,
PDS-18992,
PDS-18995,
PDS-19002,
PDS-19009,
PDS-19019,
PDS-19020,
PDS-19030,
PDS-19034,
PDS-19046,
PDS-19057,
PDS-19064,
PDS-19066,
PDS-19072,
PDS-19087,
PDS-19088,
PDS-19093,
PDS-19097,
PDS-19098,
PDS-19104,
PDS-19108,
PDS-19110,
PDS-19116,
PDS-19118,
PDS-19119,
PDS-19121,
PDS-19124,
PDS-19125,
PDS-19128,
PDS-19129,
PDS-19130,
PDS-19137,
PDS-19146,
PDS-19150,
PDS-19152,
PDS-19153,
PDS-19157,
PDS-19158,
PDS-19165,
PDS-19167,
PDS-19168,
PDS-19170,
PDS-19171,
PDS-19174,
PDS-19175,
PDS-19177,
PDS-19182,
PDS-19188,
PDS-19191,
PDS-19195,
PDS-19199,
PDS-19202,
PDS-19204,
PDS-19207,
PDS-19209,
PDS-19213,
PDS-19217,
PDS-19219,
PDS-19223,
PDS-19224,
PDS-19226,
PDS-19234,
PDS-19239,
PDS-19251,
PDS-19256,
PDS-19257,
PDS-19260,
PDS-19263,
PDS-19276,
PDS-19281,
PDS-19283,
PDS-19289,
PDS-19297,
PDS-19300,
PDS-19308,
PDS-19316,
PDS-19331,
PDS-19334,
PDS-19335,
PDS-19338,
PDS-19343,
PDS-19346,
PDS-19349,
PDS-19357,
PDS-19361,
PDS-19363,
PDS-19364,
PDS-19375,
PDS-19390,
PDS-19393,
PDS-19394,
PDS-19405,
PDS-19415,
PDS-19421,
PDS-19427,
PDS-19431,
PDS-19441,
PDS-19447,
PDS-19457,
PDS-19458,
PDS-19460,
PDS-19466,
PDS-19478,
PDS-19482,
PDS-19484,
PDS-19489,
PDS-19493,
PDS-19494,
PDS-19502,
PDS-19504,
PDS-19509,
PDS-19521,
PDS-19523,
PDS-19529,
PDS-19532,
PDS-19540,
PDS-19541,
PDS-19542,
PDS-19547,
PDS-19553,
PDS-19555,
PDS-19556,
PDS-19558,
PDS-19559,
PDS-19560,
PDS-19562,
PDS-19564,
PDS-19568,
PDS-19577,
PDS-19582,
PDS-19583,
PDS-19584,
PDS-19585,
PDS-19596,
PDS-19597,
PDS-19601,
PDS-19605,
PDS-19608,
PDS-19611,
PDS-19612,
PDS-19615,
PDS-19622,
PDS-19624,
PDS-19625,
PDS-19626,
PDS-19627,
PDS-19628,
PDS-19643,
PDS-19644,
PDS-19656,
PDS-19658,
PDS-19661,
PDS-19662,
PDS-19676,
PDS-19679,
PDS-19687,
PDS-19695,
PDS-19703,
PDS-19709,
PDS-19711,
PDS-19712,
PDS-19716,
PDS-19720,
PDS-19725,
PDS-19728,
PDS-19730,
PDS-19739,
PDS-19742,
PDS-19745,
PDS-19759,
PDS-19761,
PDS-19770,
PDS-19779,
PDS-19791,
PDS-19800,
PDS-19801,
PDS-19811,
PDS-19812,
PDS-19817,
PDS-19831,
PDS-19836,
PDS-19841,
PDS-19847,
PDS-19851,
PDS-19857,
PDS-19868,
PDS-19871,
PDS-19874,
PDS-19875,
PDS-19878,
PDS-19881,
PDS-19889,
PDS-19890,
PDS-19892,
PDS-19895,
PDS-19896,
PDS-19901,
PDS-19902,
PDS-19910,
PDS-19915,
PDS-19916,
PDS-19922,
PDS-19924,
PDS-19934,
PDS-19943,
PDS-19945,
PDS-19946,
PDS-19957,
PDS-19964,
PDS-19966,
PDS-19969,
PDS-19976,
PDS-19979,
PDS-19983,
PDS-19989,
PDS-19992,
PDS-19995,
PDS-19997,
PDS-20004,
PDS-20013,
PDS-20014,
PDS-20018,
PDS-20021,
PDS-20022,
PDS-20023,
PDS-20026,
PDS-20029,
PDS-20030,
PDS-20040,
PDS-20048,
PDS-20050,
PDS-20055,
PDS-20057,
PDS-20059,
PDS-20060,
PDS-20075,
PDS-20080,
PDS-20081,
PDS-20084,
PDS-20086,
PDS-20094,
PDS-20096,
PDS-20099,
PDS-20103,
PDS-20104,
PDS-20107,
PDS-20110,
PDS-20115,
PDS-20120,
PDS-20121,
PDS-20125,
PDS-20126,
PDS-20128,
PDS-20129,
PDS-20132,
PDS-20133,
PDS-20144,
PDS-20145,
PDS-20148,
PDS-20149,
PDS-20151,
PDS-20154,
PDS-20160,
PDS-20163,
PDS-20171,
PDS-20173,
PDS-20177,
PDS-20181,
PDS-20186,
PDS-20187,
PDS-20196,
PDS-20209,
PDS-20213,
PDS-20216,
PDS-20220,
PDS-20224,
PDS-20225,
PDS-20228,
PDS-20230,
PDS-20235,
PDS-20239,
PDS-20241,
PDS-20252,
PDS-20259,
PDS-20260,
PDS-20261,
PDS-20267,
PDS-20278,
PDS-20282,
PDS-20286,
PDS-20289,
PDS-20305,
PDS-20307,
PDS-20308,
PDS-20310,
PDS-20311,
PDS-20314,
PDS-20315,
PDS-20325,
PDS-20332,
PDS-20336,
PDS-20338,
PDS-20350,
PDS-20355,
PDS-20359,
PDS-20361,
PDS-20378,
PDS-20385,
PDS-20390,
PDS-20393,
PDS-20394,
PDS-20406,
PDS-20412,
PDS-20418,
PDS-20421,
PDS-20422,
PDS-20446,
PDS-20448,
PDS-20453,
PDS-20455,
PDS-20457,
PDS-20464,
PDS-20467,
PDS-20492,
PDS-20494,
PDS-20497,
PDS-20501,
PDS-20502,
PDS-20505,
PDS-20509,
PDS-20510,
PDS-20528,
PDS-20531,
PDS-20535,
PDS-20537,
PDS-20539,
PDS-20545,
PDS-20551,
PDS-20560,
PDS-20562,
PDS-20563,
PDS-20564,
PDS-20568,
PDS-20571,
PDS-20582,
PDS-20584,
PDS-20585,
PDS-20588,
PDS-20591,
PDS-20596,
PDS-20599,
PDS-20603,
PDS-20608,
PDS-20610,
PDS-20612,
PDS-20617,
PDS-20619,
PDS-20621,
PDS-20627,
PDS-20634,
PDS-20636,
PDS-20643,
PDS-20644,
PDS-20645,
PDS-20646,
PDS-20653,
PDS-20661,
PDS-20663,
PDS-20667,
PDS-20670,
PDS-20671,
PDS-20674,
PDS-20678,
PDS-20692,
PDS-20696,
PDS-20701,
PDS-20703,
PDS-20715,
PDS-20725,
PDS-20734,
PDS-20741,
PDS-20749,
PDS-20754,
PDS-20765,
PDS-20769,
PDS-20773,
PDS-20784,
PDS-20787,
PDS-20790,
PDS-20793,
PDS-20798,
PDS-20807,
PDS-20809,
PDS-20810,
PDS-20811,
PDS-20816,
PDS-20818,
PDS-20820,
PDS-20830,
PDS-20841,
PDS-20853,
PDS-20857,
PDS-20858,
PDS-20867,
PDS-20873,
PDS-20876,
PDS-20877,
PDS-20878,
PDS-20879,
PDS-20881,
PDS-20889,
PDS-20908,
PDS-20909,
PDS-20915,
PDS-20917,
PDS-20932,
PDS-20933,
PDS-20937,
PDS-20940,
PDS-20943,
PDS-20954,
PDS-20955,
PDS-20961,
PDS-20962,
PDS-20963,
PDS-20964,
PDS-20970,
PDS-20976,
PDS-20977,
PDS-20980,
PDS-20981,
PDS-20988,
PDS-21009,
PDS-21013,
PDS-21021,
PDS-21022,
PDS-21031,
PDS-21037,
PDS-21039,
PDS-21043,
PDS-21063,
PDS-21076,
PDS-21084,
PDS-21090,
PDS-21095,
PDS-21104,
PDS-21108,
PDS-21117,
PDS-21122,
PDS-21126,
PDS-21137,
PDS-21139,
PDS-21142,
PDS-21163,
PDS-21165,
PDS-21166,
PDS-21169,
PDS-21173,
PDS-21175,
PDS-21177,
PDS-21180,
PDS-21181,
PDS-21185,
PDS-21196,
PDS-21200,
PDS-21205,
PDS-21218,
PDS-21224,
PDS-21234,
PDS-21244,
PDS-21254,
PDS-21260,
PDS-21261,
PDS-21272,
PDS-21273,
PDS-21278,
PDS-21282,
PDS-21289,
PDS-21290,
PDS-21293,
PDS-21294,
PDS-21296,
PDS-21301,
PDS-21311,
PDS-21313,
PDS-21316,
PDS-21326,
PDS-21331,
PDS-21343,
PDS-21351,
PDS-21353,
PDS-21358,
PDS-21361,
PDS-21362,
PDS-21363,
PDS-21364,
PDS-21365,
PDS-21369,
PDS-21385,
PDS-21386,
PDS-21387,
PDS-21390,
PDS-21401,
PDS-21410,
PDS-21416,
PDS-21417,
PDS-21422,
PDS-21428,
PDS-21432,
PDS-21437,
PDS-21442,
PDS-21448,
PDS-21453,
PDS-21457,
PDS-21468,
PDS-21470,
PDS-21471,
PDS-21473,
PDS-21478,
PDS-21485,
PDS-21486,
PDS-21493,
PDS-21494,
PDS-21495,
PDS-21500,
PDS-21501,
PDS-21509,
PDS-21511,
PDS-21519,
PDS-21521,
PDS-21526,
PDS-21527,
PDS-21535,
PDS-21536,
PDS-21539,
PDS-21540,
PDS-21542,
PDS-21543,
PDS-21545,
PDS-21546,
PDS-21548,
PDS-21551,
PDS-21557,
PDS-21560,
PDS-21563,
PDS-21564,
PDS-21567,
PDS-21573,
PDS-21574,
PDS-21576,
PDS-21584,
PDS-21588,
PDS-21592,
PDS-21593,
PDS-21607,
PDS-21613,
PDS-21617,
PDS-21622,
PDS-21627,
PDS-21628,
PDS-21633,
PDS-21634,
PDS-21637,
PDS-21665,
PDS-21676,
PDS-21678,
PDS-21690,
PDS-21699,
PDS-21700,
PDS-21709,
PDS-21726,
PDS-21727,
PDS-21728,
PDS-21729,
PDS-21731,
PDS-21733,
PDS-21737,
PDS-21741,
PDS-21753,
PDS-21755,
PDS-21756,
PDS-21768,
PDS-21772,
PDS-21777,
PDS-21778,
PDS-21779,
PDS-21786,
PDS-21787,
PDS-21793,
PDS-21798,
PDS-21799,
PDS-21800,
PDS-21801,
PDS-21805,
PDS-21818,
PDS-21825,
PDS-21826,
PDS-21828,
PDS-21830,
PDS-21834,
PDS-21835,
PDS-21844,
PDS-21848,
PDS-21853,
PDS-21856,
PDS-21857,
PDS-21863,
PDS-21871,
PDS-21875,
PDS-21888,
PDS-21904,
PDS-21910,
PDS-21917,
PDS-21919,
PDS-21920,
PDS-21924,
PDS-21926,
PDS-21928,
PDS-21932,
PDS-21933,
PDS-21937,
PDS-21946,
PDS-21950,
PDS-21952,
PDS-21954,
PDS-21960,
PDS-21963,
PDS-21970,
PDS-21973,
PDS-21975,
PDS-21976,
PDS-21977,
PDS-21981,
PDS-21986,
PDS-21988,
PDS-21989,
PDS-21992,
PDS-22003,
PDS-22004,
PDS-22009,
PDS-22010,
PDS-22011,
PDS-22016,
PDS-22017,
PDS-22022,
PDS-22043,
PDS-22056,
PDS-22060,
PDS-22066,
PDS-22075,
PDS-22076,
PDS-22078,
PDS-22084,
PDS-22104,
PDS-22109,
PDS-22117,
PDS-22119,
PDS-22127,
PDS-22138,
PDS-22145,
PDS-22150,
PDS-22151,
PDS-22162,
PDS-22169,
PDS-22175,
PDS-22181,
PDS-22188,
PDS-22195,
PDS-22196,
PDS-22215,
PDS-22217,
PDS-22221,
PDS-22224,
PDS-22239,
PDS-22245,
PDS-22246,
PDS-22249,
PDS-22262,
PDS-22263,
PDS-22264,
PDS-22268,
PDS-22272,
PDS-22280,
PDS-22282,
PDS-22283,
PDS-22294,
PDS-22298,
PDS-22300,
PDS-22302,
PDS-22304,
PDS-22315,
PDS-22316,
PDS-22332,
PDS-22339,
PDS-22347,
PDS-22351,
PDS-22352,
PDS-22356,
PDS-22360,
PDS-22361,
PDS-22362,
PDS-22371,
PDS-22376,
PDS-22380,
PDS-22381,
PDS-22387,
PDS-22392,
PDS-22393,
PDS-22395,
PDS-22397,
PDS-22400,
PDS-22401,
PDS-22404,
PDS-22409,
PDS-22413,
PDS-22416,
PDS-22420,
PDS-22421,
PDS-22423,
PDS-22432,
PDS-22436,
PDS-22437,
PDS-22440,
PDS-22442,
PDS-22444,
PDS-22463,
PDS-22464,
PDS-22474,
PDS-22482,
PDS-22484,
PDS-22489,
PDS-22497,
PDS-22500,
PDS-22502,
PDS-22506,
PDS-22517,
PDS-22521,
PDS-22529,
PDS-22531,
PDS-22535,
PDS-22538,
PDS-22540,
PDS-22547,
PDS-22548,
PDS-22549,
PDS-22551,
PDS-22557,
PDS-22570,
PDS-22575,
PDS-22582,
PDS-22593,
PDS-22597,
PDS-22611,
PDS-22613,
PDS-22615,
PDS-22619,
PDS-22620,
PDS-22621,
PDS-22626,
PDS-22627,
PDS-22630,
PDS-22638,
PDS-22639,
PDS-22642,
PDS-22655,
PDS-22658,
PDS-22663,
PDS-22669,
PDS-22672,
PDS-22678,
PDS-22684,
PDS-22688,
PDS-22690,
PDS-22696,
PDS-22697,
PDS-22699,
PDS-22701,
PDS-22702,
PDS-22705,
PDS-22709,
PDS-22711,
PDS-22712,
PDS-22713,
PDS-22736,
PDS-22738,
PDS-22752,
PDS-22753,
PDS-22769,
PDS-22781,
PDS-22787,
PDS-22798,
PDS-22807,
PDS-22808,
PDS-22821,
PDS-22824,
PDS-22825,
PDS-22831,
PDS-22841,
PDS-22842,
PDS-22843,
PDS-22850,
PDS-22851,
PDS-22852,
PDS-22858,
PDS-22861,
PDS-22862,
PDS-22866,
PDS-22868,
PDS-22869,
PDS-22872,
PDS-22874,
PDS-22875,
PDS-22878,
PDS-22881,
PDS-22883,
PDS-22891,
PDS-22894,
PDS-22912,
PDS-22913,
PDS-22919,
PDS-22926,
PDS-22929,
PDS-22933,
PDS-22939,
PDS-22944,
PDS-22948,
PDS-22954,
PDS-22964,
PDS-22969,
PDS-22970,
PDS-22981,
PDS-22985,
PDS-22989,
PDS-22994,
PDS-22997,
PDS-22999,
PDS-23002,
PDS-23004,
PDS-23013,
PDS-23015,
PDS-23018,
PDS-23019,
PDS-23020,
PDS-23023,
PDS-23028,
PDS-23029,
PDS-23030,
PDS-23035,
PDS-23041,
PDS-23050,
PDS-23051,
PDS-23052,
PDS-23053,
PDS-23062,
PDS-23066,
PDS-23079,
PDS-23089,
PDS-23094,
PDS-23100,
PDS-23101,
PDS-23102,
PDS-23104,
PDS-23109,
PDS-23117,
PDS-23119,
PDS-23121,
PDS-23133,
PDS-23149,
PDS-23151,
PDS-23153,
PDS-23160,
PDS-23162,
PDS-23164,
PDS-23179,
PDS-23181,
PDS-23191,
PDS-23194,
PDS-23204,
PDS-23214,
PDS-23215,
PDS-23220,
PDS-23222,
PDS-23228,
PDS-23235,
PDS-23237,
PDS-23248,
PDS-23256,
PDS-23262,
PDS-23264,
PDS-23265,
PDS-23266,
PDS-23268,
PDS-23273,
PDS-23275,
PDS-23276,
PDS-23277,
PDS-23279,
PDS-23289,
PDS-23290,
PDS-23299,
PDS-23301,
PDS-23310,
PDS-23319,
PDS-23320,
PDS-23322,
PDS-23323,
PDS-23326,
PDS-23329,
PDS-23331,
PDS-23334,
PDS-23344,
PDS-23351,
PDS-23353,
PDS-23355,
PDS-23356,
PDS-23365,
PDS-23366,
PDS-23371,
PDS-23387,
PDS-23389,
PDS-23394,
PDS-23398,
PDS-23400,
PDS-23405,
PDS-23410,
PDS-23411,
PDS-23412,
PDS-23413,
PDS-23420,
PDS-23422,
PDS-23424,
PDS-23426,
PDS-23430,
PDS-23449,
PDS-23450,
PDS-23453,
PDS-23457,
PDS-23459,
PDS-23470,
PDS-23479,
PDS-23483,
PDS-23484,
PDS-23486,
PDS-23487,
PDS-23494,
PDS-23496,
PDS-23497,
PDS-23499,
PDS-23503,
PDS-23505,
PDS-23509,
PDS-23510,
PDS-23511,
PDS-23513,
PDS-23523,
PDS-23525,
PDS-23526,
PDS-23528,
PDS-23529,
PDS-23537,
PDS-23539,
PDS-23541,
PDS-23549,
PDS-23558,
PDS-23562,
PDS-23569,
PDS-23571,
PDS-23575,
PDS-23576,
PDS-23577,
PDS-23579,
PDS-23598,
PDS-23599,
PDS-23600,
PDS-23605,
PDS-23606,
PDS-23616,
PDS-23621,
PDS-23625,
PDS-23626,
PDS-23627,
PDS-23630,
PDS-23635,
PDS-23636,
PDS-23646,
PDS-23651,
PDS-23655,
PDS-23658,
PDS-23665,
PDS-23685,
PDS-23696,
PDS-23711,
PDS-23712,
PDS-23715,
PDS-23724,
PDS-23727,
PDS-23731,
PDS-23739,
PDS-23743,
PDS-23753,
PDS-23758,
PDS-23763,
PDS-23769,
PDS-23770,
PDS-23776,
PDS-23777,
PDS-23780,
PDS-23785,
PDS-23789,
PDS-23793,
PDS-23794,
PDS-23795,
PDS-23803,
PDS-23804,
PDS-23805,
PDS-23806,
PDS-23810,
PDS-23812,
PDS-23834,
PDS-23849,
PDS-23859,
PDS-23861,
PDS-23863,
PDS-23866,
PDS-23874,
PDS-23894,
PDS-23895,
PDS-23898,
PDS-23902,
PDS-23903,
PDS-23906,
PDS-23907,
PDS-23916,
PDS-23918,
PDS-23919,
PDS-23922,
PDS-23931,
PDS-23933,
PDS-23936,
PDS-23937,
PDS-23939,
PDS-23940,
PDS-23945,
PDS-23947,
PDS-23950,
PDS-23955,
PDS-23960,
PDS-23961,
PDS-23964,
PDS-23965,
PDS-23972,
PDS-23973,
PDS-23976,
PDS-23977,
PDS-23980,
PDS-23984,
PDS-23987,
PDS-23989,
PDS-23991,
PDS-24005,
PDS-24006,
PDS-24014,
PDS-24019,
PDS-24020,
PDS-24026,
PDS-24030,
PDS-24031,
PDS-24033,
PDS-24039,
PDS-24045,
PDS-24052,
PDS-24053,
PDS-24055,
PDS-24058,
PDS-24067,
PDS-24068,
PDS-24072,
PDS-24076,
PDS-24081,
PDS-24092,
PDS-24093,
PDS-24096,
PDS-24099,
PDS-24100,
PDS-24102,
PDS-24103,
PDS-24106,
PDS-24108,
PDS-24109,
PDS-24112,
PDS-24113,
PDS-24115,
PDS-24117,
PDS-24119,
PDS-24121,
PDS-24131,
PDS-24138,
PDS-24150,
PDS-24151,
PDS-24169,
PDS-24171,
PDS-24177,
PDS-24178,
PDS-24182,
PDS-24186,
PDS-24191,
PDS-24193,
PDS-24194,
PDS-24200,
PDS-24201,
PDS-24208,
PDS-24212,
PDS-24213,
PDS-24215,
PDS-24216,
PDS-24218,
PDS-24230,
PDS-24231,
PDS-24234,
PDS-24243,
PDS-24245,
PDS-24251,
PDS-24254,
PDS-24261,
PDS-24262,
PDS-24263,
PDS-24264,
PDS-24276,
PDS-24277,
PDS-24280,
PDS-24286,
PDS-24292,
PDS-24297,
PDS-24301,
PDS-24311,
PDS-24324,
PDS-24329,
PDS-24337,
PDS-24341,
PDS-24348,
PDS-24349,
PDS-24350,
PDS-24353,
PDS-24354,
PDS-24360,
PDS-24376,
PDS-24377,
PDS-24379,
PDS-24389,
PDS-24391,
PDS-24395,
PDS-24400,
PDS-24411,
PDS-24414,
PDS-24426,
PDS-24428,
PDS-24430,
PDS-24442,
PDS-24443,
PDS-24448,
PDS-24454,
PDS-24459,
PDS-24467,
PDS-24468,
PDS-24485,
PDS-24492,
PDS-24503,
PDS-24505,
PDS-24511,
PDS-24512,
PDS-24519,
PDS-24520,
PDS-24524,
PDS-24526,
PDS-24536,
PDS-24539,
PDS-24546,
PDS-24547,
PDS-24549,
PDS-24551,
PDS-24556,
PDS-24558,
PDS-24559,
PDS-24561,
PDS-24562,
PDS-24568,
PDS-24571,
PDS-24578,
PDS-24580,
PDS-24593,
PDS-24595,
PDS-24603,
PDS-24607,
PDS-24623,
PDS-24628,
PDS-24636,
PDS-24645,
PDS-24646,
PDS-24649,
PDS-24652,
PDS-24653,
PDS-24654,
PDS-24656,
PDS-24657,
PDS-24667,
PDS-24675,
PDS-24677,
PDS-24681,
PDS-24689,
PDS-24691,
PDS-24698,
PDS-24701,
PDS-24703,
PDS-24704,
PDS-24713,
PDS-24716,
PDS-24737,
PDS-24744,
PDS-24745,
PDS-24751,
PDS-24756,
PDS-24760,
PDS-24761,
PDS-24762,
PDS-24770,
PDS-24781,
PDS-24802,
PDS-24804,
PDS-24805,
PDS-24811,
PDS-24813,
PDS-24816,
PDS-24817,
PDS-24823,
PDS-24825,
PDS-24827,
PDS-24830,
PDS-24838,
PDS-24839,
PDS-24840,
PDS-24853,
PDS-24860,
PDS-24866,
PDS-24878,
PDS-24881,
PDS-24882,
PDS-24888,
PDS-24889,
PDS-24892,
PDS-24893,
PDS-24905,
PDS-24907,
PDS-24908,
PDS-24918,
PDS-24924,
PDS-24930,
PDS-24932,
PDS-24937,
PDS-24942,
PDS-24944,
PDS-24945,
PDS-24955,
PDS-24959,
PDS-24966,
PDS-24969,
PDS-24972,
PDS-24973,
PDS-24983,
PDS-24984,
PDS-24994,
PDS-24997,
PDS-24998,
PDS-25003,
PDS-25007,
PDS-25014,
PDS-25015,
PDS-25020,
PDS-25024,
PDS-25028,
PDS-25038,
PDS-25051,
PDS-25055,
PDS-25067,
PDS-25069,
PDS-25070,
PDS-25078,
PDS-25083,
PDS-25088,
PDS-25095,
PDS-25097,
PDS-25117,
PDS-25120,
PDS-25121,
PDS-25122,
PDS-25126,
PDS-25128,
PDS-25130,
PDS-25138,
PDS-25139,
PDS-25142,
PDS-25143,
PDS-25144,
PDS-25145,
PDS-25148,
PDS-25155,
PDS-25160,
PDS-25163,
PDS-25169,
PDS-25171,
PDS-25181,
PDS-25186,
PDS-25190,
PDS-25194,
PDS-25197,
PDS-25198,
PDS-25199,
PDS-25209,
PDS-25210,
PDS-25218,
PDS-25222,
PDS-25223,
PDS-25236,
PDS-25242,
PDS-25245,
PDS-25246,
PDS-25247,
PDS-25248,
PDS-25250,
PDS-25251,
PDS-25252,
PDS-25259,
PDS-25266,
PDS-25268,
